Date,GDP_YoY,CPI_YoY,FedFunds,UST10Y,Spread_10Y_2Y,Unemployment,VIX,INDPRO_YoY,RetailSales_YoY,HousingStarts_YoY,BAA10Y_Spread,UMich_Sentiment,SP500_MOM_3M
1994-01-31 23:59:59.999999999,2.6077107599381977,2.450980392156854,3.05,5.750500000000001,1.6105,6.6,11.29047619047619,3.3206682813962995,5.967551622418887,5.123966942148761,1.898,94.3,0.026668043242971784
1994-02-28 23:59:59.999999999,2.6077107599381977,2.515723270440251,3.25,5.9731578947368416,1.4989473684210526,6.6,13.64421052631579,2.888972402512402,8.446458185264149,10.495867768595035,1.7905263157894735,93.2,0.01134449192724496
1994-03-31 23:59:59.999999999,2.6077107599381977,2.6517794836008246,3.34,6.482608695652174,1.4873913043478262,6.5,15.223478260869564,4.02033834545894,11.354230030653255,44.41366574330563,1.6465217391304348,91.5,-0.044334918323853834
1994-04-30 23:59:59.999999999,3.430706936043171,2.364394993045882,3.56,6.972105263157895,1.4226315789473685,6.4,16.471052631578946,4.348554709781172,8.321228108912159,16.454689984101755,1.5505263157894738,92.6,-0.054795062990764976
1994-05-31 23:59:59.999999999,3.430706936043171,2.288488210818307,4.01,7.183333333333333,1.2152380952380952,6.1,13.897142857142857,5.225877538170942,7.31729879740981,21.111111111111104,1.4404761904761905,92.8,-0.022776928361499915
1994-06-30 23:59:59.999999999,3.430706936043171,2.494802494802495,4.25,7.101363636363636,1.17,6.1,13.408636363636363,5.692897043154788,8.543619738986695,10.078125000000004,1.5463636363636366,91.2,-0.002872851115174213
1994-07-31 23:59:59.999999999,4.225610689832271,2.69896193771626,4.26,7.298,1.168,6.1,12.4845,5.5556238117031365,6.961586149628607,14.75279106858054,1.5055,89.0,0.0163003837657667
1994-08-31 23:59:59.999999999,4.225610689832271,2.900552486187835,4.47,7.236086956521739,1.058695652173913,6.0,11.889130434782608,6.374486678628144,8.86705129741545,11.538461538461542,1.5034782608695652,91.7,0.03898174713387159
1994-09-30 23:59:59.999999999,4.225610689832271,2.965517241379323,4.73,7.457142857142857,1.0647619047619048,5.9,13.233333333333333,6.147007490642453,9.046589055988408,9.75428145941921,1.520952380952381,91.5,0.0370012971680207
1994-10-31 23:59:59.999999999,4.337048254936149,2.609890109890123,4.76,7.744,1.0154999999999998,5.8,15.245238095238092,6.216844055084048,9.19318872896817,4.166666666666674,1.4605,92.7,0.02559928914239218
1994-11-30 23:59:59.999999999,4.337048254936149,2.602739726027403,5.29,7.955,0.8065,5.6,16.383809523809525,6.436792726569296,8.15930306300694,9.811046511627897,1.3575000000000002,91.6,-0.045847416855659295
1994-12-31 23:59:59.999999999,4.337048254936149,2.597402597402576,5.45,7.813809523809524,0.2242857142857142,5.5,14.177142857142858,6.873008169416606,7.655306858408295,-5.088062622309197,1.2895238095238095,95.1,-0.0074344676037544355
1995-01-31 23:59:59.999999999,4.116167021429895,2.8708133971291794,5.53,7.7795,0.2725,5.6,12.274285714285714,6.747244944883901,9.07106867466525,10.61320754716981,1.3025,97.6,-0.0040859376539487124
1995-02-28 23:59:59.999999999,4.116167021429895,2.862985685071595,5.92,7.469473684210525,0.3578947368421052,5.4,11.47,6.54756825778906,5.44344378239332,-1.5706806282722474,1.3805263157894736,95.1,0.07316807010388104
1995-03-31 23:59:59.999999999,4.116167021429895,2.7872195785180187,5.98,7.204782608695653,0.4291304347826086,5.4,12.166521739130436,5.645735018615583,4.529752946910093,-20.140664961636833,1.4965217391304348,90.3,0.09023015531757861
1995-04-30 23:59:59.999999999,3.481405627292,3.125000000000022,6.05,7.062631578947368,0.4947368421052632,5.8,12.442631578947369,4.837286192716461,4.767115645601661,-13.515358361774744,1.5363157894736843,92.5,0.09421970268085489
1995-05-31 23:59:59.999999999,3.481405627292,3.1186440677966054,6.01,6.632727272727274,0.4618181818181818,5.6,12.265909090909092,4.85825743910131,6.704163434186716,-13.89252948885976,1.570454545454545,89.8,0.09832190078799008
1995-06-30 23:59:59.999999999,3.481405627292,3.0425963488843744,6.0,6.168181818181818,0.4522727272727272,5.6,11.896818181818183,4.498069779299296,6.7002129925452625,-9.08445706174592,1.7322727272727272,92.7,0.08795512231928959
1995-07-31 23:59:59.999999999,2.402375100801702,2.8301886792452713,5.85,6.2780000000000005,0.4979999999999999,5.7,12.514,3.9307917598429887,5.874658357350238,1.5288394718554477,1.7605,94.4,0.09294906639688683
1995-08-31 23:59:59.999999999,2.402375100801702,2.617449664429538,5.74,6.488260869565217,0.5073913043478261,5.7,12.798260869565215,4.602085326688665,5.402812796494216,-2.344827586206899,1.704782608695652,96.2,0.05515388364270213
1995-09-30 23:59:59.999999999,2.402375100801702,2.54521098459477,5.8,6.1975,0.3915,5.6,12.057,4.698999185802699,4.544486849962359,-7.1234735413839845,1.737,88.9,0.07280398925108988
1995-10-31 23:59:59.999999999,2.6733258155179795,2.7443105756358666,5.76,6.044761904761905,0.3476190476190476,5.5,14.357272727272727,3.6822303795441824,3.4463731344823056,-5.586206896551726,1.7052380952380954,90.2,0.040622785796196936
1995-11-30 23:59:59.999999999,2.6733258155179795,2.603471295060067,5.8,5.93047619047619,0.4514285714285714,5.6,12.46904761904762,3.248954972965601,4.690754789764684,-3.9046988749172784,1.7542857142857144,88.2,0.07740085045995793
1995-12-31 23:59:59.999999999,2.6733258155179795,2.5316455696202667,5.6,5.7115,0.387,5.6,11.7485,2.5819903187664917,4.664536085647297,-1.6494845360824797,1.779,91.0,0.05393477349753373
1996-01-31 23:59:59.999999999,2.1997916299495213,2.7906976744185963,5.56,5.652380952380953,0.54,5.6,13.473636363636365,1.8350207329137724,4.024848398227743,4.264392324093813,1.8095238095238095,89.3,0.09375755723344792
1996-02-29 23:59:59.999999999,2.1997916299495213,2.717031146454607,5.22,5.8055,0.78,5.5,15.032999999999998,3.435015834033494,7.151366357967137,13.297872340425542,1.821,88.5,0.05396283529206847
1996-03-31 23:59:59.999999999,2.1997916299495213,2.8439153439153486,5.31,6.268571428571428,0.6076190476190476,5.5,17.76238095238095,3.1348380181706936,6.389519364275875,14.011208967173738,1.7676190476190474,93.7,0.048008714749801173
1996-04-30 23:59:59.999999999,2.6013098466592277,2.832674571805005,5.22,6.511363636363637,0.5540909090909091,5.6,16.575238095238095,4.350154173072962,7.159899646715484,19.65272296764009,1.6845454545454546,92.7,0.03811784109415606
1996-05-31 23:59:59.999999999,2.6013098466592277,2.827087442472065,5.24,6.736818181818182,0.6418181818181817,5.6,16.14636363636364,4.635683786085809,6.612642633545396,14.459665144596643,1.560909090909091,89.4,0.038409609676966605
1996-06-30 23:59:59.999999999,2.6013098466592277,2.8215223097112663,5.27,6.912000000000001,0.615,5.3,16.395,5.074254837751835,4.5368120050104155,14.519906323185005,1.488,92.4,0.03893106875726171
1996-07-31 23:59:59.999999999,4.002379484223728,2.8833551769331667,5.4,6.865454545454545,0.5954545454545455,5.5,17.978636363636365,5.516187105751635,5.884686856511467,0.7529089664613187,1.4877272727272726,94.7,-0.022350216170446413
1996-08-31 23:59:59.999999999,4.002379484223728,2.8122956180510084,5.22,6.635454545454545,0.6063636363636363,5.1,15.760454545454548,4.674993056735799,4.857816369766965,9.957627118644076,1.54,95.3,-0.023499285007069437
1996-09-30 23:59:59.999999999,4.002379484223728,3.004572175048992,5.3,6.832000000000001,0.598,5.2,16.578,4.92180091199006,5.908501666360388,7.74287801314828,1.513,94.7,0.01694089501732865
1996-10-31 23:59:59.999999999,4.0501348871777365,3.0618892508143203,5.24,6.533636363636364,0.620909090909091,5.2,16.38173913043478,5.0764059690956875,7.442284779931896,1.6800584368152016,1.5354545454545454,96.5,0.06457460479024046
1996-11-30 23:59:59.999999999,4.0501348871777365,3.2530904359141077,5.31,6.203684210526316,0.5021052631578947,5.4,15.997,5.7487245073366555,5.709793903068117,2.5482093663911742,1.5836842105263158,99.2,0.16109147513003874
1996-12-31 23:59:59.999999999,4.0501348871777365,3.378817413905133,5.29,6.302380952380952,0.5204761904761904,5.4,19.260952380952386,6.048752943240343,5.713809598494346,-4.262753319357094,1.5904761904761904,96.9,0.07496948375125445
1997-01-31 23:59:59.999999999,4.421452442981133,3.0381383322559907,5.25,6.579047619047619,0.570952380952381,5.3,19.473333333333333,6.810277355204253,7.0321355493073945,-7.634628493524199,1.5171428571428571,97.4,0.11469359447186456
1997-02-28 23:59:59.999999999,4.421452442981133,3.032258064516125,5.19,6.419473684210526,0.5210526315789474,5.2,20.139473684210525,6.526425312446094,6.144773413897275,-0.3353454057679395,1.5221052631578948,99.7,0.047443718310223426
1997-03-31 23:59:59.999999999,4.421452442981133,2.7652733118971096,5.39,6.6945,0.4725,5.2,20.17,7.353147219376965,6.520105947507826,2.31741573033708,1.488,100.0,0.00043607486809471574
1997-04-30 23:59:59.999999999,4.314068944306992,2.434336963484962,5.51,6.885454545454545,0.4372727272727272,5.1,19.662272727272725,6.378124448646516,4.123864038147285,-1.58311345646438,1.4513636363636364,101.4,0.037333368097694164
1997-05-31 23:59:59.999999999,4.314068944306992,2.237851662404089,5.5,6.7109523809523814,0.4342857142857143,4.9,19.924761904761905,6.169149706873811,3.132266512594883,-4.122340425531911,1.4919047619047618,103.2,0.07265878637425383
1997-06-30 23:59:59.999999999,4.314068944306992,2.233567326100827,5.56,6.493809523809524,0.3990476190476191,5.0,20.194285714285712,5.87017032714805,5.136198287138272,1.8404907975460016,1.5266666666666668,104.5,0.16520983305241188
1997-07-31 23:59:59.999999999,4.31127171595187,2.165605095541401,5.52,6.220454545454545,0.3295454545454545,4.9,20.529090909090908,6.7567244851659325,5.766813548549288,-2.377717391304346,1.526818181818182,107.1,0.195083418965329
1997-08-31 23:59:59.999999999,4.31127171595187,2.2900763358778775,5.54,6.298571428571429,0.3595238095238095,4.8,23.084761904761905,7.295556637982359,5.821310340248331,-10.725754656390496,1.518095238095238,104.4,0.0627510589710849
1997-09-30 23:59:59.999999999,4.31127171595187,2.21940393151554,5.54,6.208571428571428,0.3266666666666666,4.9,23.812380952380952,7.611812641184224,5.288112065205675,4.813559322033889,1.5042857142857142,106.0,0.06312918549376811
1997-10-31 23:59:59.999999999,4.674702492340366,2.0859671302149163,5.5,6.029545454545455,0.2577272727272727,4.7,23.87086956521739,8.593898632434005,4.070970555756603,9.195402298850585,1.5422727272727272,105.6,-0.03754603086825936
1997-11-30 23:59:59.999999999,4.674702492340366,1.8903591682419616,5.52,5.875,0.1622222222222222,4.6,32.20611111111111,8.491455486733601,3.974122425836679,1.410342511752849,1.5438888888888889,107.2,0.062181123920364234
1997-12-31 23:59:59.999999999,4.674702492340366,1.6970458830924071,5.5,5.808636363636364,0.0936363636363636,4.7,26.276363636363637,8.27995843736915,4.425796281700589,14.30656934306569,1.517272727272727,102.1,0.01572102024622457
1998-01-31 23:59:59.999999999,4.483552816031211,1.6311166875784044,5.56,5.5445,0.1875,4.6,23.8665,8.569991033819925,3.589701270836776,12.54612546125462,1.652,106.6,0.06649555892131209
1998-02-28 23:59:59.999999999,4.483552816031211,1.440200375704448,5.51,5.574736842105263,0.1568421052631579,4.6,19.998947368421053,7.498963984928375,2.8048108494582946,6.594885598923295,1.681578947368421,110.4,0.1036157818905672
1998-03-31 23:59:59.999999999,4.483552816031211,1.3767209011263937,5.49,5.647272727272727,0.0859090909090909,4.7,20.158636363636365,6.870654602082871,2.57698167630398,7.549759780370624,1.671818181818182,106.5,0.15566164390244475
1998-04-30 23:59:59.999999999,4.855526883310857,1.4383989993745905,5.45,5.637619047619047,0.0733333333333333,4.3,22.02857142857143,7.152135600773812,5.728576345072844,3.217158176943702,1.6928571428571426,108.7,0.12811901796749559
1998-05-31 23:59:59.999999999,4.855526883310857,1.6885553470919357,5.49,5.6525,0.059,4.4,20.874,7.248053622327211,6.0724338869730055,6.518723994452147,1.645,106.5,0.03952959176230686
1998-06-30 23:59:59.999999999,4.855526883310857,1.6229712858926382,5.56,5.496363636363636,-0.0236363636363636,4.5,21.66272727272727,6.120272541232685,5.891033587155414,9.839357429718865,1.6377272727272727,105.6,0.02912635881126624
1998-07-31 23:59:59.999999999,4.09279008633523,1.74563591022443,5.54,5.461363636363637,0.0031818181818181,4.5,19.930000000000003,4.819266627395713,3.8415140031840656,18.16283924843425,1.6877272727272723,105.2,-0.00029434081595669515
1998-08-31 23:59:59.999999999,4.09279008633523,1.6169154228855789,5.55,5.341904761904762,0.0733333333333333,4.5,31.58809523809524,5.904222926214131,2.9903191107923943,16.115107913669057,1.8014285714285714,104.4,-0.12434820534683211
1998-09-30 23:59:59.999999999,4.09279008633523,1.4267990074441794,5.51,4.806666666666667,0.1404761904761904,4.6,38.2047619047619,4.839045892674498,3.4738028319577285,2.3285899094437346,2.281428571428571,100.9,-0.11453475840801008
1998-10-31 23:59:59.999999999,4.103452727565782,1.4860681114551078,5.07,4.529999999999999,0.438095238095238,4.5,36.60818181818182,4.621968547319155,5.293802942487735,12.828947368421062,2.6523809523809527,97.4,-0.012378104155025937
1998-11-30 23:59:59.999999999,4.103452727565782,1.4842300556586308,4.83,4.827368421052632,0.2873684210526315,4.4,26.223000000000003,3.697244297409696,6.201557317694606,9.933774834437092,2.5105263157894737,102.7,0.21555863412036524
1998-12-31 23:59:59.999999999,4.103452727565782,1.606922126081578,4.68,4.645,0.1386363636363636,4.4,25.479090909090907,3.673135682230488,6.617059439876405,14.431673052362704,2.5813636363636365,100.5,0.2461906165046326
1999-01-31 23:59:59.999999999,4.883126568525764,1.6666666666666607,4.63,4.722105263157895,0.1068421052631579,4.3,28.035263157894736,3.6409589763820582,6.335360294573222,14.62295081967213,2.5657894736842106,103.9,0.19806388562563715
1999-02-28 23:59:59.999999999,4.883126568525764,1.6666666666666607,4.76,4.998947368421053,0.1226315789473684,4.4,28.82263157894737,4.055910213435232,7.796372914691729,5.429292929292928,2.39,108.1,0.04677974139861352
1999-03-31 23:59:59.999999999,4.883126568525764,1.728395061728394,4.81,5.232608695652174,0.1795652173913043,4.2,25.309565217391302,4.23335941760925,7.844364424895001,9.125717932354815,2.301304347826087,105.7,0.03588305330196628
1999-04-30 23:59:59.999999999,4.816336792733988,2.281134401972884,4.74,5.184545454545455,0.2077272727272727,4.3,23.478571428571428,4.105092640183194,7.03922155818566,0.8441558441558472,2.2945454545454544,104.6,0.04340286207583066
1999-05-31 23:59:59.999999999,4.816336792733988,2.091020910209096,4.74,5.539499999999999,0.285,4.2,26.204500000000003,4.063545130871371,7.520509101928607,4.8828125,2.1825,106.8,0.05313222384204486
1999-06-30 23:59:59.999999999,4.816336792733988,1.9656019656019597,4.76,5.899545454545454,0.2809090909090909,4.3,23.626363636363635,4.616625472804392,6.913171560030351,-4.99695307739183,2.1154545454545453,107.3,0.06711907627513258
1999-07-31 23:59:59.999999999,4.721885912228041,2.1446078431372584,4.99,5.791904761904762,0.2371428571428571,4.3,21.04904761904762,5.6498052629395,8.513027367620962,-1.7078916372202602,2.1561904761904764,106.0,-0.004838360931065155
1999-08-31 23:59:59.999999999,4.721885912228041,2.2643818849449104,5.07,5.9390909090909085,0.2609090909090909,4.2,24.323636363636364,3.9719289604282393,10.466856983706997,2.106567534076831,2.2150000000000003,104.5,0.019771220818087132
1999-09-30 23:59:59.999999999,4.721885912228041,2.629969418960254,5.22,5.915238095238095,0.2533333333333333,4.2,24.541428571428572,3.6372283066848032,9.780549959536478,3.3501896333754777,2.287142857142858,107.2,-0.07114616120607908
1999-10-31 23:59:59.999999999,4.791118246732284,2.56253813300793,5.2,6.112,0.2495,4.1,24.021428571428572,4.249748819161359,7.893332881688919,-6.239067055393588,2.266,103.2,0.026264074093887313
1999-11-30 23:59:59.999999999,4.791118246732284,2.620353443022561,5.42,6.034,0.172,4.1,21.81809523809524,4.902585205435117,8.645493114246271,-0.7228915662650603,2.1165,107.2,0.05187782448393463
1999-12-31 23:59:59.999999999,4.791118246732284,2.676399026763998,5.3,6.275454545454545,0.1709090909090909,4.0,22.15909090909091,5.3152432320418,9.648954776380435,-4.6875,1.911818181818182,105.4,0.14533713713675622
2000-01-31 23:59:59.999999999,4.8235742707329665,2.792956891317555,5.45,6.661,0.221,4.0,23.202,4.802426035163743,8.855074936841634,-6.407322654462244,1.6715,112.0,0.023133914422617696
2000-02-29 23:59:59.999999999,4.8235742707329665,3.2179720704310855,5.73,6.519499999999999,-0.091,4.1,23.5955,4.557941773248531,9.180344036885746,4.011976047904198,1.7675,111.3,-0.029414001265765433
2000-03-31 23:59:59.999999999,4.8235742707329665,3.762135922330101,5.85,6.256521739130435,-0.2717391304347826,4.0,22.718260869565217,4.74392151286791,9.944132708317156,-6.1988304093567255,2.110869565217391,107.1,0.019962536024970223
2000-04-30 23:59:59.999999999,4.224744861233032,3.013863773357439,6.02,5.990526315789474,-0.4131578947368421,3.8,27.164210526315788,5.172844298260548,7.070973287704563,4.70057952350289,2.411578947368421,109.2,0.06783761999513382
2000-05-31 23:59:59.999999999,4.224744861233032,3.132530120481914,6.27,6.440454545454545,-0.3690909090909091,4.0,26.37318181818182,4.835287309514125,7.096353380279985,-2.2346368715083775,2.46,110.7,0.03002489572789724
2000-06-30 23:59:59.999999999,4.224744861233032,3.7349397590361377,6.53,6.097272727272728,-0.3845454545454546,4.0,21.54,4.97966481657699,7.388230009345076,0.0,2.385,106.4,-0.02934777039493852
2000-07-31 23:59:59.999999999,5.2444568111355006,3.5992801439711952,6.54,6.054,-0.285,4.0,19.893,4.183041595873838,5.739006538965152,-12.342720191731573,2.2925,108.3,-0.025486152865869194
2000-08-31 23:59:59.999999999,5.2444568111355006,3.3512866546977715,6.5,5.826086956521739,-0.4026086956521739,4.1,18.08869565217391,3.452822156698221,5.137407226485569,-6.492718446601941,2.429130434782609,107.3,0.02736149606576399
2000-09-30 23:59:59.999999999,5.2444568111355006,3.45649582836709,6.52,5.799,-0.2825,3.9,19.6875,4.3220943695978065,6.075387504950425,-7.828746177370027,2.5469999999999997,106.8,-0.012436385345754974
2000-10-31 23:59:59.999999999,3.973172352551902,3.4503271861986873,6.51,5.738571428571428,-0.1738095238095238,3.9,25.2,2.624433787632552,6.09184666582947,-3.66915422885572,2.602857142857143,105.8,-0.006464118352292547
2000-11-30 23:59:59.999999999,3.973172352551902,3.444180522565321,6.51,5.717142857142857,-0.1580952380952381,3.9,26.38285714285714,2.10197371320775,4.151735733129813,-5.885922330097082,2.5619047619047617,107.6,-0.13357894639476842
2000-12-31 23:59:59.999999999,3.973172352551902,3.4360189573459543,6.4,5.2405,-0.1115,3.9,26.5305,0.948092664497846,1.909149256962306,-10.304449648711945,2.7825,98.4,-0.08091136134005328
2001-01-31 23:59:59.999999999,2.9055943095086967,3.7212049616065945,5.98,5.160952380952381,0.4009523809523809,4.2,24.918571428571425,0.5268616288075956,4.334244585061842,-2.200488997555017,2.7676190476190476,94.7,-0.02334378878081811
2001-02-28 23:59:59.999999999,2.9055943095086967,3.529411764705892,5.49,5.098947368421053,0.4421052631578948,4.2,23.411578947368422,-0.4790432218218732,2.612482404040861,-6.4478986758779495,2.774736842105263,90.6,-0.08082465263481375
2001-03-31 23:59:59.999999999,2.9055943095086967,2.9824561403508643,5.31,4.885454545454546,0.5431818181818181,4.3,28.49681818181818,-1.112583212970908,0.2977484861663937,-0.872817955112215,2.958636363636364,91.5,-0.13033084383889004
2001-04-30 23:59:59.999999999,2.1975051856706784,3.2182562902282053,4.8,5.141,0.907,4.4,28.133999999999997,-2.080053180296093,3.916808991657428,1.4145141451414434,2.9275,88.4,-0.08408781846290936
2001-05-31 23:59:59.999999999,2.1975051856706784,3.5630841121495394,4.21,5.391363636363637,1.1313636363636363,4.3,22.944090909090907,-2.877289107297931,3.6756744563746224,1.904761904761898,2.680454545454545,92.0,0.011754442005020405
2001-06-30 23:59:59.999999999,2.1975051856706784,3.193960511033689,3.97,5.284285714285714,1.2042857142857142,4.5,20.94047619047619,-3.463051252771465,2.5112978524743257,4.939063502245022,2.6904761904761907,92.6,0.0551998580178914
2001-07-31 23:59:59.999999999,0.9962983270431104,2.7214823393167498,3.77,5.236190476190477,1.1976190476190476,4.6,22.31619047619047,-3.880013744475541,2.790920006172759,14.149008885851,2.7338095238095237,92.4,-0.043594614424585454
2001-08-31 23:59:59.999999999,0.9962983270431104,2.7214823393167498,3.65,4.971304347826087,1.2139130434782608,4.9,21.86173913043478,-3.708783791081205,3.2875583116323437,1.6872160934458202,2.8773913043478263,91.5,-0.10538156185378555
2001-09-30 23:59:59.999999999,0.9962983270431104,2.5921658986175045,3.07,4.731764705882353,1.6129411764705883,5.0,35.065333333333335,-4.632904830683559,-0.6916232630866825,3.649635036496357,3.2958823529411765,81.8,-0.1457902820769904
2001-10-31 23:59:59.999999999,0.4892362925611015,2.127659574468077,2.49,4.566818181818181,1.8409090909090908,5.3,32.72130434782609,-4.571351468048357,6.76668923092858,-0.5810200129115595,3.3400000000000003,82.7,-0.12111254042664377
2001-11-30 23:59:59.999999999,0.4892362925611015,1.894374282433997,2.09,4.6515,1.869,5.5,26.63095238095238,-5.1525786635930775,4.159568532639013,3.2882011605415817,3.1615,83.9,-0.033717498225689035
2001-12-31 23:59:59.999999999,0.4892362925611015,1.603665521191311,1.82,5.0875,1.9805,5.7,23.72,-4.86638793143589,2.967898694929527,2.349869451697129,2.9657894736842105,88.8,0.1054642550449576
2002-01-31 23:59:59.999999999,0.1673182937314887,1.1958997722095743,1.73,5.035714285714286,2.0076190476190474,5.7,22.252857142857145,-3.7298619665951382,1.5589212880339876,6.125000000000003,2.833809523809524,93.0,0.06643760510493224
2002-02-28 23:59:59.999999999,0.1673182937314887,1.1363636363636465,1.74,4.911578947368421,1.896315789473684,5.7,22.87578947368421,-3.097219590053568,2.2895751337908665,12.55384615384616,2.978947368421053,90.7,-0.037207498504784664
2002-03-31 23:59:59.999999999,0.1673182937314887,1.362862010221466,1.73,5.284000000000001,1.7265,5.7,18.985,-2.1217129647424504,3.060929508561272,3.2704402515723263,2.822,95.7,-0.0017226658753590751
2002-04-30 23:59:59.999999999,1.3372586567694578,1.643990929705219,1.75,5.210909090909091,1.7881818181818183,5.9,19.900454545454547,-1.308927642541624,2.4550854560693836,-3.4566403881140073,2.821818181818182,93.0,-0.021551070638388126
2002-05-31 23:59:59.999999999,1.3372586567694578,1.2408347433727984,1.75,5.164545454545455,1.9004545454545456,5.8,20.087727272727275,-0.361065225507895,1.159303620058827,9.906542056074771,2.9231818181818183,96.9,-0.05711358477370865
2002-06-30 23:59:59.999999999,1.3372586567694578,1.0692177827799745,1.75,4.9265,1.9335,5.8,25.271,0.9940845010809608,2.1685114072735434,4.951100244498785,3.0235,92.4,-0.13668954105294717
2002-07-31 23:59:59.999999999,1.3253787532159889,1.465614430665152,1.73,4.653181818181818,2.096363636363636,5.8,34.04954545454546,1.578300939539545,4.050926773539176,-0.8982035928143728,3.244545454545454,88.1,-0.1609262854651764
2002-08-31 23:59:59.999999999,1.3253787532159889,1.747463359639223,1.74,4.257272727272727,2.1236363636363635,5.7,33.74272727272727,1.5629731821393822,3.709293003312064,4.211869814933,3.3245454545454547,87.6,-0.11973905519028116
2002-09-30 23:59:59.999999999,1.3253787532159889,1.516002245929271,1.75,3.87,1.8655,5.7,37.6475,2.2130275872879412,4.620103330702907,15.492957746478876,3.526,86.1,-0.1583337544537421
2002-10-31 23:59:59.999999999,2.1465169830615416,2.0270270270270174,1.75,3.940909090909091,2.0290909090909093,5.7,35.24304347826087,2.255186635160178,-1.9720613099032724,7.012987012987004,3.792727272727273,80.6,0.0249005134851652
2002-11-30 23:59:59.999999999,2.1465169830615416,2.2535211267605604,1.34,4.048421052631579,2.125263157894737,5.9,28.175,3.423412147554794,1.2052150996489708,9.425717852684134,3.568947368421053,84.2,0.022094370596734914
2002-12-31 23:59:59.999999999,2.1465169830615416,2.4802705749718212,1.24,4.032380952380952,2.1961904761904765,6.0,28.21047619047619,2.889866798403684,3.7437296870815207,14.030612244897966,3.416190476190476,86.7,0.037633752627471706
2003-01-31 23:59:59.999999999,1.992524822195474,2.757456387169399,1.24,4.048571428571428,2.305238095238095,5.8,27.424285714285713,3.022153794676674,4.157540548829997,9.1283863368669,3.2990476190476192,82.4,-0.03930573239547508
2003-02-28 23:59:59.999999999,1.992524822195474,3.146067415730336,1.26,3.9026315789473687,2.274736842105263,5.9,32.21842105263158,3.1570986391251,2.0895115627767913,-10.934937124111531,3.1542105263157896,79.9,-0.07900928856294687
2003-03-31 23:59:59.999999999,1.992524822195474,3.025210084033625,1.25,3.8071428571428574,2.2333333333333334,5.9,30.634285714285717,2.1027416088369,3.63134217254808,5.115712545675999,3.141904761904762,77.6,-0.03109439225398769
2003-04-30 23:59:59.999999999,1.6792570124718242,2.175125488008911,1.26,3.958571428571428,2.336190476190476,6.0,23.99190476190476,0.9831302267877318,2.8120520581759623,3.203517587939708,2.894285714285714,86.0,0.06080799487405231
2003-05-31 23:59:59.999999999,1.6792570124718242,1.8941504178273003,1.26,3.5690476190476192,2.1538095238095236,6.1,20.23952380952381,0.5172636176430156,3.8187449366589465,-0.7369614512471645,2.809047619047619,92.1,0.14556262127757402
2003-06-30 23:59:59.999999999,1.6792570124718242,1.948775055679297,1.22,3.334285714285714,2.107142857142857,6.3,20.362380952380953,-0.1698399534153183,4.723171175283314,8.736167734420498,2.856190476190476,89.7,0.14893066143391676
2003-07-31 23:59:59.999999999,1.9550651524723903,2.055555555555544,1.01,3.975454545454546,2.5013636363636365,6.2,19.161363636363635,0.3787360607919288,4.2391461178697964,14.62235649546828,2.640909090909091,90.9,0.08077050174789147
2003-08-31 23:59:59.999999999,1.9550651524723903,2.216066481994461,1.03,4.4452380952380945,2.580952380952381,6.1,19.27428571428571,0.2681376690355064,4.794951798631608,12.247397428046549,2.5666666666666664,89.3,0.04240952405959142
2003-09-30 23:59:59.999999999,1.9550651524723903,2.378318584070782,1.01,4.274285714285715,2.568095238095238,6.1,19.53238095238095,0.8215160866442472,6.353357242478586,7.483370288248348,2.5157142857142856,87.7,0.013895638159796775
2003-10-31 23:59:59.999999999,3.2311353875128956,2.041942604856528,1.01,4.290454545454545,2.5427272727272725,6.0,18.023478260869567,1.2235781890910236,5.395136778115495,19.35679611650485,2.442272727272727,89.6,0.0690766906527629
2003-11-30 23:59:59.999999999,3.2311353875128956,1.9283746556473913,1.0,4.300000000000001,2.373333333333333,5.8,17.40105263157895,1.3551945272936683,5.65439225427653,18.824871648602404,2.3577777777777778,93.7,0.04979111409609893
2003-12-31 23:59:59.999999999,3.2311353875128956,2.0352035203520247,0.98,4.267727272727273,2.360454545454546,5.7,16.826363636363638,1.9721077191654723,4.903609329974956,15.044742729306492,2.3286363636363636,92.6,0.09202340941857923
2004-01-31 23:59:59.999999999,4.300440651057458,2.026286966046009,1.0,4.1505,2.3895,5.7,16.101,1.305618251224261,4.620016143727668,3.130059363194815,2.2915,103.8,0.07920926304638054
2004-02-29 23:59:59.999999999,4.300440651057458,1.688453159041381,1.01,4.084210526315789,2.3442105263157895,5.6,15.99842105263158,1.8071133856800703,6.750709528760512,13.321055862492326,2.181052631578947,94.4,0.08639414501729137
2004-03-31 23:59:59.999999999,4.300440651057458,1.7400761283306032,1.0,3.826521739130435,2.248695652173913,5.8,17.687391304347827,1.688120737665466,7.389208715476947,15.758980301274628,2.2878260869565215,95.8,0.01493272238773069
2004-04-30 23:59:59.999999999,4.341952085996703,2.2925764192139875,1.0,4.347619047619047,2.276666666666667,5.6,15.69857142857143,2.7253898271722976,6.332748665469645,21.91113816189896,2.111428571428571,94.2,-0.021067389205325138
2004-05-31 23:59:59.999999999,4.341952085996703,2.8977583378895444,1.0,4.7155000000000005,2.182,5.6,17.705000000000002,3.522676991150453,7.41284238948412,13.135351227869796,2.0315,90.2,-0.03052840288811498
2004-06-30 23:59:59.999999999,4.341952085996703,3.1676679410158393,1.03,4.733809523809524,1.9704761904761905,5.6,15.342727272727274,2.591151529613467,5.263032441065008,-2.0889126941617597,2.05,95.6,0.012280360089008457
2004-07-31 23:59:59.999999999,4.227491217016888,2.939575394665228,1.26,4.498095238095239,1.8595238095238096,5.5,15.502380952380951,2.8172187424783113,5.224049397887298,5.535055350553497,2.124285714285714,96.7,-0.010925714195538005
2004-08-31 23:59:59.999999999,4.227491217016888,2.5474254742547275,1.43,4.281363636363636,1.7731818181818182,5.4,16.68409090909091,3.1244596242233635,3.8719324948596863,10.42007637752318,2.1818181818181817,95.9,-0.01512661583669661
2004-09-30 23:59:59.999999999,4.227491217016888,2.5391680172879516,1.61,4.1257142857142854,1.6004761904761904,5.4,14.08095238095238,2.5753458835940046,6.1972895848736,-1.7534811758638469,2.142857142857143,94.2,-0.01271988422490855
2004-10-31 23:59:59.999999999,3.494860356231766,3.1909140075716547,1.76,4.0969999999999995,1.5125,5.5,14.973809523809525,3.349110266226174,6.797672741905747,5.3380782918149405,2.1079999999999997,91.7,0.021308087833882272
2004-11-30 23:59:59.999999999,3.494860356231766,3.621621621621607,1.93,4.194,1.342,5.4,13.577619047619049,2.9036162233450957,7.042309965835436,-14.450312049927994,2.009,92.8,0.06301162489136014
2004-12-31 23:59:59.999999999,3.494860356231766,3.3423180592991875,2.16,4.2309090909090905,1.219090909090909,5.4,12.459545454545456,3.654316005086078,7.971347047907895,-0.7292173067574126,1.9227272727272728,97.1,0.07107383468432382
2005-01-31 23:59:59.999999999,3.3511049439547858,2.8448738593666034,2.28,4.221500000000001,0.999,5.3,13.438,3.846878696109912,6.38392280615776,12.192569335426471,1.796,95.5,0.04518675505729908
2005-02-28 23:59:59.999999999,3.3511049439547858,3.053026245313339,2.5,4.165263157894737,0.7805263157894737,5.4,11.708947368421052,3.9520126588409976,7.039139233009228,19.55579631635969,1.6505263157894736,94.1,0.017714413173292254
2005-03-31 23:59:59.999999999,3.3511049439547858,3.2068412613575736,2.63,4.497727272727273,0.770909090909091,5.2,13.126363636363635,4.21205401526743,5.398890364525277,-6.706706706706711,1.5631818181818182,92.6,-0.027079802772111305
2005-04-30 23:59:59.999999999,3.9088432572524257,3.3617929562433257,2.79,4.3409523809523805,0.6871428571428572,5.2,14.459047619047618,4.024944103978978,7.081644206430293,2.895656515227163,1.708095238095238,87.7,-0.012387318968617556
2005-05-31 23:59:59.999999999,3.9088432572524257,2.869287991498415,3.0,4.144285714285714,0.5004761904761905,5.1,13.967619047619047,3.355897611249725,5.189849817415015,2.221100454316005,1.861904761904762,86.9,-0.015622833292606608
2005-06-30 23:59:59.999999999,3.9088432572524257,2.541026998411855,3.04,3.998181818181818,0.3577272727272727,5.0,11.868636363636364,4.612281686015529,9.08752713286125,13.12910284463895,1.86,96.0,0.015695794614823066
2005-07-31 23:59:59.999999999,3.6177355801611855,3.067160232681121,3.26,4.1775,0.3065,5.0,11.049,3.5162939256142556,8.934776261626464,2.5974025974025983,1.775,96.5,0.06684538164582032
2005-08-31 23:59:59.999999999,3.6177355801611855,3.646934460887952,3.5,4.262608695652174,0.2182608695652174,4.9,12.951304347826088,3.7683394549402394,7.844996015321737,3.507905138339918,1.6995652173913045,89.1,0.013318981700350285
2005-09-30 23:59:59.999999999,3.6177355801611855,4.741833508956805,3.62,4.199047619047619,0.2528571428571429,5.0,12.628095238095238,1.6440977945341828,6.033782123573772,12.913385826771664,1.83,76.9,0.028775090313067686
2005-10-31 23:59:59.999999999,3.448598847170792,4.350104821802936,3.78,4.4635,0.1925,5.0,14.937619047619048,1.9790735913798765,5.738893982592086,-0.3378378378378399,1.8345,74.2,-0.029828300724374257
2005-11-30 23:59:59.999999999,3.448598847170792,3.3385498174230532,4.0,4.535,0.1185,5.0,12.147619047619049,2.848161685205386,5.989953825034311,20.48260381593714,1.855,81.6,0.023887002256589795
2005-12-31 23:59:59.999999999,3.448598847170792,3.3385498174230532,4.16,4.467142857142857,0.0628571428571428,4.9,11.26,2.5442347042908153,4.688732012615815,-2.350636630754166,1.853809523809524,91.5,0.015852718923087927
2006-01-31 23:59:59.999999999,2.9727366937913,4.018789144050117,4.29,4.416,0.0204999999999999,4.7,12.036,2.3451555875404706,8.837371448492238,6.016791044776126,1.821,91.2,0.06814856313423912
2006-02-28 23:59:59.999999999,2.9727366937913,3.63825363825363,4.49,4.568947368421052,-0.0994736842105263,4.8,12.471052631578948,1.6545356831095148,6.674597612109134,-3.9873130946986857,1.7010526315789474,86.7,0.009785163950078779
2006-03-31 23:59:59.999999999,2.9727366937913,3.4179181771103018,4.59,4.7239130434782615,-0.0099999999999999,4.7,11.69391304347826,2.0291493189678045,6.799334107959121,5.633047210300424,1.687391304347826,88.9,0.03224593816649701
2006-04-30 23:59:59.999999999,3.2131067957182013,3.613835828600931,4.79,4.990526315789474,0.101578947368421,4.7,11.84736842105263,2.119218044863791,6.3647743707538895,-11.644832605531295,1.69,87.4,0.020946947357770807
2006-05-31 23:59:59.999999999,3.2131067957182013,3.9772727272727297,4.94,5.11,0.1418181818181818,4.6,14.454545454545457,2.049416335573717,6.617914452393259,-4.0987654320987605,1.6354545454545453,79.1,-0.016379623132817933
2006-06-30 23:59:59.999999999,3.2131067957182013,4.1817243159525175,4.99,5.106363636363636,-0.0154545454545454,4.6,16.918636363636363,1.947023262373082,4.025870428415956,-12.862669245647972,1.673181818181818,84.9,-0.019052139626634768
2006-07-31 23:59:59.999999999,2.9729038556202125,4.104669061056954,5.24,5.0875,-0.031,4.7,15.326,2.2050873763549417,3.648289247752023,-15.433300876338851,1.6745,84.7,-0.02185881634654918
2006-08-31 23:59:59.999999999,2.9729038556202125,3.926568077511483,5.25,4.8765217391304345,-0.0269565217391304,4.7,13.351739130434783,2.3119977274224324,5.2680979127247785,-21.24105011933174,1.7117391304347824,82.0,0.012109714133233584
2006-09-30 23:59:59.999999999,2.9729038556202125,2.012072434607637,5.25,4.718999999999999,-0.05,4.5,12.1845,4.143943306002318,4.349376114081993,-20.037192003719195,1.711,85.4,0.051684795258805094
2006-10-31 23:59:59.999999999,2.325277937424497,1.4063284781516971,5.25,4.729047619047619,-0.0666666666666666,4.4,11.306363636363637,2.7807646325062496,4.241090651011281,-27.79661016949152,1.6952380952380952,93.6,0.07869822886675504
2006-11-30 23:59:59.999999999,2.325277937424497,1.9687026754164672,5.25,4.595238095238095,-0.1452380952380952,4.5,10.817619047619049,1.635562903583132,3.6491924207948223,-26.874708896134138,1.6085714285714283,92.1,0.07425109492249393
2006-12-31 23:59:59.999999999,2.325277937424497,2.5239777889954462,5.24,4.5645,-0.109,4.4,10.9645,2.1844950052208656,4.846202503714392,-17.301905717151456,1.654,91.7,0.06172105756563173
2007-01-31 23:59:59.999999999,2.6345603763438197,2.075765178123423,5.25,4.7595238095238095,-0.1166666666666666,4.6,11.0425,1.6586668297206677,1.7525395808547728,-38.01143862736471,1.5833333333333333,96.9,0.044215680896031895
2007-02-28 23:59:59.999999999,2.6345603763438197,2.420260782347028,5.26,4.722631578947369,-0.1263157894736842,4.5,11.155263157894735,2.595430111634367,2.744502494085377,-30.15573383671544,1.5531578947368423,91.3,0.004190010579804948
2007-03-31 23:59:59.999999999,2.6345603763438197,2.798197295943927,5.26,4.5645454545454545,-0.009090909090909,4.4,15.162727272727272,2.5448388221316343,3.1743297823784156,-24.07313357034028,1.703181818181818,88.4,-0.004191066000391985
2007-04-30 23:59:59.999999999,1.5767249700146868,2.5929247633283525,5.25,4.6938095238095245,0.0276190476190476,4.5,12.933000000000002,2.928277122815981,2.4252153842638124,-18.176825919824267,1.6995238095238094,87.1,0.043466937120581806
2007-05-31 23:59:59.999999999,1.5767249700146868,2.709885742672613,5.25,4.746363636363636,-0.02,4.4,13.297727272727274,2.957731639167882,4.06891590161913,-27.136972193614827,1.6390909090909092,88.3,0.09083001145999536
2007-06-30 23:59:59.999999999,1.5767249700146868,2.692765113974227,5.25,5.102857142857142,0.1223809523809523,4.6,14.947619047619046,2.640251696792606,2.6907453070881937,-19.644839067702556,1.5942857142857143,85.3,0.05805638210999686
2007-07-31 23:59:59.999999999,1.9343747200181172,2.3178905864958077,5.26,5.0042857142857144,0.1852380952380952,4.7,17.273333333333333,2.5462969979318073,2.800100023869323,-22.04951065054692,1.648095238095238,90.4,-0.020877365456147712
2007-08-31 23:59:59.999999999,1.9343747200181172,1.897448478900876,5.02,4.674782608695652,0.3617391304347826,4.6,25.02608695652174,2.303311614038362,2.9412513975968446,-19.3939393939394,1.977391304347826,83.4,-0.04235376057491802
2007-09-30 23:59:59.999999999,1.9343747200181172,2.8338264299802685,4.94,4.521578947368421,0.51,4.7,22.198947368421056,2.7394416304021396,3.968226853433543,-31.220930232558143,2.0705263157894733,83.4,0.01556525412849541
2007-10-31 23:59:59.999999999,2.3680360773066234,3.610698365527476,4.76,4.527727272727272,0.56,4.7,19.115652173913045,2.544013542783752,4.639708291196043,-15.224681421864515,1.9518181818181817,80.9,0.052424980485498596
2007-11-30 23:59:59.999999999,2.3680360773066234,4.373267326732666,4.49,4.1485,0.8119999999999999,4.7,25.58238095238095,3.1488562136023246,5.29938997375865,-23.757961783439484,2.2465,76.1,0.004850795772992633
2007-12-31 23:59:59.999999999,2.3680360773066234,4.108813392417532,4.24,4.0975,0.9805,5.0,21.651,2.161468348108375,2.8627791013197124,-37.11340206185567,2.548,75.5,-0.05085844692075148
2008-01-31 23:59:59.999999999,2.133364682457861,4.294695655165981,3.94,3.744285714285714,1.268571428571429,5.0,25.81619047619047,2.4005910504377725,3.253586365067229,-23.066004258339245,2.7966666666666664,78.4,-0.09958718289641078
2008-02-29 23:59:59.999999999,2.133364682457861,4.142959270611968,2.98,3.7375,1.7645,4.9,25.456,1.0514652003741132,2.126239324629431,-25.472972972972975,3.086,70.8,-0.09420566963586818
2008-03-31 23:59:59.999999999,2.133364682457861,3.9749035501344343,2.61,3.51,1.893,5.1,27.103500000000004,0.5506703985918016,1.5995437029617587,-32.77591973244147,3.3825000000000003,69.5,-0.10402573128738135
2008-04-30 23:59:59.999999999,1.3924712055185309,3.903760975988813,2.28,3.675,1.627727272727273,5.0,21.562727272727273,-0.8042547033000225,1.7441892894394906,-32.013422818791945,3.2922727272727275,62.6,0.021964660195433527
2008-05-31 23:59:59.999999999,1.3924712055185309,4.088413823123993,1.98,3.88,1.4342857142857142,5.4,18.303333333333335,-1.4693944221461086,1.423909002024315,-31.236749116607776,3.0490476190476192,59.8,0.05241877888222035
2008-06-30 23:59:59.999999999,1.3924712055185309,4.935966105947864,2.0,4.099523809523809,1.3257142857142856,5.6,22.11047619047619,-1.752894848934683,2.4128760749956957,-27.76243093922652,2.974285714285714,56.4,-0.06581620675815392
2008-07-31 23:59:59.999999999,1.3760107660276244,5.497512078341837,2.01,4.007727272727273,1.4345454545454546,5.8,24.321818181818184,-2.045316384108431,1.6098626198966182,-31.83161004431314,3.151818181818182,61.2,-0.10072797506659192
2008-08-31 23:59:59.999999999,1.3760107660276244,5.308017162091239,2.0,3.885714285714285,1.4652380952380952,6.1,20.695714285714285,-3.781136209207392,0.2570969764295716,-36.54135338345864,3.2628571428571425,63.0,-0.07421686594148802
2008-09-30 23:59:59.999999999,1.3760107660276244,4.953319875136075,1.81,3.686190476190476,1.61,6.1,30.23857142857143,-8.225396987330157,-1.694242259938994,-30.68469991546915,3.625714285714286,70.3,-0.09226330690444784
2008-10-31 23:59:59.999999999,0.2659672721286865,3.7310578899565128,0.97,3.814090909090909,2.2018181818181817,6.5,61.17739130434782,-7.03047677889429,-5.767419321467271,-38.52848101265823,5.0631818181818184,57.6,-0.2243857195493697
2008-11-30 23:59:59.999999999,0.2659672721286865,1.0999174706166848,0.39,3.526666666666667,2.3138888888888887,6.8,62.66894736842105,-8.760799360574156,-10.323753425248672,-45.530492898913955,5.685,55.3,-0.301357139343129
2008-12-31 23:59:59.999999999,0.2659672721286865,-0.022228002553859,0.16,2.4163636363636365,1.5954545454545457,7.3,52.405,-11.390506509810672,-11.403582954368751,-45.998071359691416,6.013636363636365,60.1,-0.22204713415600896
2009-01-31 23:59:59.999999999,-2.5411536884212604,-0.1135860190221271,0.15,2.5175,1.7105,7.8,44.683,-13.488198157011356,-10.22979682498203,-54.79704797047971,5.6259999999999994,61.2,-0.11204294096667045
2009-02-28 23:59:59.999999999,-2.5411536884212604,0.0084631406715107,0.22,2.87,1.894736842105263,8.3,45.57052631578947,-13.689528727907271,-9.818030022574607,-47.23481414324569,5.214736842105263,56.3,-0.142642188156479
2009-03-31 23:59:59.999999999,-2.5411536884212604,-0.4464787676623838,0.18,2.819545454545455,1.8881818181818184,8.7,44.79545454545455,-14.767650920446162,-11.646821702029776,-49.75124378109452,5.6000000000000005,57.3,-0.08229623104989359
2009-04-30 23:59:59.999999999,-3.234227293078318,-0.5763244243767063,0.15,2.927142857142857,2.0,9.0,38.063809523809525,-14.852901184452636,-11.099568001403448,-52.81342546890424,5.46047619047619,65.1,0.032740116939873554
2009-05-31 23:59:59.999999999,-3.234227293078318,-1.015761495855172,0.18,3.293,2.3635,9.4,31.978,-15.169733236396176,-11.19984793146054,-44.50154162384378,4.7705,68.7,0.25037747904197327
2009-06-30 23:59:59.999999999,-3.234227293078318,-1.2291746182109151,0.21,3.7218181818181817,2.5377272727272726,9.5,29.140454545454546,-15.217556732163306,-9.947523351566437,-44.07265774378585,3.7731818181818184,70.8,0.15221779606988894
2009-07-31 23:59:59.999999999,-3.9788374053187248,-1.9587610037622771,0.16,3.5622727272727275,2.5431818181818184,9.5,26.16272727272727,-13.814305859822127,-9.228659880193913,-35.644637053087756,3.5254545454545454,66.0,0.12530763799125388
2009-08-31 23:59:59.999999999,-3.9788374053187248,-1.4838355663267633,0.16,3.587142857142857,2.4719047619047623,9.6,25.337142857142855,-11.456211656520088,-6.8634791599814555,-30.568720379146917,2.989047619047619,65.7,0.08031840047756189
2009-09-30 23:59:59.999999999,-3.9788374053187248,-1.377942862886472,0.15,3.401904761904762,2.4457142857142857,9.8,24.92666666666667,-6.600746492000653,-7.797688521439261,-28.65853658536586,2.910952380952381,73.5,0.1448560498297211
2009-10-31 23:59:59.999999999,-3.1328157006863644,-0.2239682942003384,0.12,3.387619047619048,2.4385714285714286,10.0,24.252272727272725,-7.320327835891582,-3.334517835423545,-31.27413127413128,2.9042857142857144,70.6,0.03347190524919519
2009-11-30 23:59:59.999999999,-3.1328157006863644,1.9145871744709275,0.12,3.4026315789473687,2.599473684210526,9.9,23.789,-5.707487639620556,1.450535040812273,-9.815950920245395,2.916842105263158,67.4,0.07349455245290626
2009-12-31 23:59:59.999999999,-3.1328157006863644,2.814123123208367,0.12,3.5900000000000003,2.7154545454545453,9.9,21.239545454545453,-2.633001789761502,4.301237502578781,3.750000000000009,2.777727272727273,72.5,0.08277904745445719
2010-01-31 23:59:59.999999999,0.1055725234829774,2.6211113889767157,0.11,3.7331578947368422,2.8042105263157895,9.8,20.643157894736845,0.9262067279837805,2.8218213574216167,25.306122448979583,2.5147368421052634,74.4,0.029962680997163815
2010-02-28 23:59:59.999999999,0.1055725234829774,2.151336357866529,0.13,3.691052631578947,2.8342105263157897,9.8,22.54,1.8915565269856272,3.411942407484103,3.7800687285223455,2.650526315789474,73.6,-0.001049187495204218
2010-03-31 23:59:59.999999999,0.1055725234829774,2.2861714393279886,0.16,3.7273913043478264,2.7686956521739132,9.9,17.767391304347825,4.240484150949064,7.544152197226572,25.940594059405942,2.5473913043478262,73.6,0.038385814609634084
2010-04-30 23:59:59.999999999,1.7452658449103264,2.2067707525304403,0.2,3.8468181818181817,2.786363636363636,9.9,17.424285714285716,5.44397210407237,7.876715496588282,43.72384937238494,2.4077272727272727,72.2,0.10505922206789187
2010-05-31 23:59:59.999999999,1.7452658449103264,2.003548929218568,0.2,3.4200000000000004,2.5895,9.6,31.9295,7.955631736823032,6.069214797055755,7.962962962962972,2.631,73.6,-0.023572368875969696
2010-06-30 23:59:59.999999999,1.7452658449103264,1.1215605940686268,0.18,3.2040909090909087,2.4795454545454545,9.4,29.91636363636363,8.537034718794079,4.300974935811963,-8.37606837606838,3.0263636363636364,76.0,-0.11862196660094271
2010-07-31 23:59:59.999999999,2.91359502911801,1.3407784804821077,0.18,3.0114285714285716,2.394761904761905,9.4,25.565238095238097,7.667126099809418,4.178379836365265,-8.080808080808078,2.9995238095238097,67.8,-0.07170362101449956
2010-08-31 23:59:59.999999999,2.91359502911801,1.1501775395112546,0.19,2.6986363636363637,2.178181818181818,9.5,24.74590909090909,6.872516283026275,2.8275606179288815,2.2184300341296925,2.964090909090909,68.9,-0.04465672045200619
2010-09-30 23:59:59.999999999,2.91359502911801,1.1183122472331777,0.19,2.6476190476190475,2.1676190476190476,9.5,22.517619047619046,6.261236569045625,6.399132321041212,1.538461538461533,3.0104761904761905,68.2,0.11079743091163907
2010-10-31 23:59:59.999999999,3.344209253779229,1.1666951489314623,0.19,2.54,2.164,9.4,20.37333333333333,5.734583682058547,6.461543059519714,1.6853932584269593,3.1755,67.7,0.05098327070940245
2010-11-30 23:59:59.999999999,3.344209253779229,1.084544776600338,0.19,2.763,2.309,9.8,20.095714285714287,5.378513238752403,6.560220087098045,-7.31292517006803,3.1575,71.6,0.12505131681059023
2010-12-31 23:59:59.999999999,3.344209253779229,1.437793022217937,0.18,3.290909090909091,2.6727272727272724,9.3,17.56954545454545,6.064342410052537,6.861685796608574,-7.2289156626506035,2.805454545454545,74.5,0.09718734764373749
2011-01-31 23:59:59.999999999,2.7759609093124693,1.7007834915029774,0.17,3.3939999999999997,2.7794999999999996,9.1,17.3155,4.708166974437633,7.461374903050189,2.6058631921824116,2.694,74.2,0.08692931773460044
2011-02-28 23:59:59.999999999,2.7759609093124693,2.124898173333145,0.16,3.5763157894736843,2.803684210526316,9.0,17.43,3.9103018168898496,8.214559161316926,-14.403973509933776,2.571578947368421,77.5,0.11587350215244618
2011-03-31 23:59:59.999999999,2.7759609093124693,2.619241510354109,0.14,3.4143478260869564,2.7169565217391307,9.0,20.72347826086957,4.252259928374591,6.859591784975239,-5.660377358490565,2.6204347826086956,67.5,0.05401942228838075
2011-04-30 23:59:59.999999999,2.037797199613345,3.07723444478687,0.1,3.4549999999999996,2.7205000000000004,9.1,16.244,3.5334681248321065,6.55988384223809,-19.359534206695784,2.568,69.8,0.06837521496489463
2011-05-31 23:59:59.999999999,2.037797199613345,3.4589718808965,0.09,3.168571428571429,2.6133333333333333,9.0,16.91142857142857,2.258307942953963,7.394092106856398,-3.773584905660377,2.6128571428571425,74.3,0.029755112739342504
2011-06-30 23:59:59.999999999,2.037797199613345,3.5023181506360412,0.09,3.002272727272727,2.591818181818182,9.1,19.153181818181817,2.335063049966646,8.38951159542416,13.432835820895516,2.7490909090909095,71.5,-0.003914484947748376
2011-07-31 23:59:59.999999999,1.7437088645501977,3.5798809769996165,0.07,3.003,2.5965,9.0,19.2275,2.4290308699050023,8.006052725452516,14.102564102564097,2.7565,63.7,-0.05230964632185309
2011-08-31 23:59:59.999999999,1.7437088645501977,3.75499603070808,0.1,2.3030434782608693,2.072608695652174,9.0,35.02913043478261,2.7040745796685695,7.63829226663002,-2.3372287145242088,3.058695652173913,55.8,-0.07163307611548364
2011-09-30 23:59:59.999999999,1.7437088645501977,3.812621692818685,0.08,1.975238095238095,1.7638095238095235,9.0,36.53,2.3382044579998817,7.91160177069048,9.427609427609427,3.2952380952380955,59.5,-0.1554487248118993
2011-10-31 23:59:59.999999999,0.9426534645672336,3.5222681306640524,0.07,2.152,1.8715,8.8,32.829047619047614,3.3322786552962835,7.296716870429365,12.338858195211788,3.2195,60.8,-0.0005980622549321968
2011-11-30 23:59:59.999999999,0.9426534645672336,3.451432214581729,0.08,2.0134999999999996,1.7600000000000002,8.6,31.94190476190476,3.247270380689904,6.669077757685349,30.458715596330265,3.1245000000000003,63.7,0.02302910512984946
2011-12-31 23:59:59.999999999,0.9426534645672336,3.062066838419386,0.07,1.978095238095238,1.720952380952381,8.5,25.047619047619047,2.7665944379623664,6.079358194812401,28.7569573283859,3.2723809523809524,69.9,0.11152350739750894
2012-01-31 23:59:59.999999999,1.543075871606514,3.0087663379855023,0.08,1.9665,1.7260000000000002,8.3,20.228,3.609208374871109,6.349445929406072,14.761904761904754,3.2619999999999996,75.0,0.021259265176765796
2012-02-29 23:59:59.999999999,1.543075871606514,2.898178442347388,0.1,1.9675,1.6895,8.3,18.4205,4.367208038320736,6.758282876386157,36.17021276595744,3.1745,75.3,0.14517630103067036
2012-03-31 23:59:59.999999999,1.543075871606514,2.5828752813320977,0.13,2.1727272727272724,1.828181818181818,8.2,16.167272727272728,2.7589061854836228,6.182455667183606,15.833333333333345,3.0604545454545455,76.2,0.11516044791265978
2012-04-30 23:59:59.999999999,2.6380693108862374,2.2731633741348567,0.14,2.052857142857143,1.7609523809523808,8.2,17.823,3.83729583768877,5.164154283568467,35.92057761732852,3.1409523809523807,76.4,0.06466060714130983
2012-05-31 23:59:59.999999999,2.6380693108862374,1.7379429374660749,0.16,1.8031818181818184,1.518181818181818,8.2,21.001818181818184,3.932078023040919,5.065972268828611,26.203208556149725,3.2654545454545456,79.3,-0.04640162678690485
2012-06-30 23:59:59.999999999,2.6380693108862374,1.653870448297634,0.16,1.6223809523809525,1.3304761904761906,8.2,21.13095238095238,3.6443652424845263,3.278601229542022,24.50657894736843,3.3980952380952383,73.2,-0.03287960516497135
2012-07-31 23:59:59.999999999,2.403335839137921,1.4175114798464783,0.16,1.5266666666666668,1.2785714285714287,8.2,17.565238095238094,3.3605726392072377,3.7939282232675176,18.7800963081862,3.3452380952380953,72.3,-0.01885020913947899
2012-08-31 23:59:59.999999999,2.403335839137921,1.6859349154821237,0.13,1.6782608695652177,1.4095652173913045,8.1,15.689565217391303,2.288180328799738,4.965678710158028,28.888888888888896,3.2291304347826086,74.3,0.10045525430550017
2012-09-30 23:59:59.999999999,2.403335839137921,1.9497168982819613,0.14,1.7231578947368422,1.4678947368421054,7.8,15.284736842105264,2.312353458690608,4.641329116255566,30.307692307692303,3.1184210526315788,78.3,0.05763640673315229
2012-10-31 23:59:59.999999999,2.5737123144880414,2.1556780595369363,0.16,1.7461904761904763,1.469047619047619,7.8,16.276190476190475,1.9249841413494284,3.999665102941607,50.0,2.8380952380952382,82.6,0.023808897985545974
2012-11-30 23:59:59.999999999,2.5737123144880414,1.7960197033926262,0.16,1.654,1.386,7.7,16.701904761904764,2.3313663148609054,4.247539264830924,17.15893108298172,2.8565,82.7,0.004034104116979131
2012-12-31 23:59:59.999999999,2.5737123144880414,1.7595049796895523,0.16,1.719,1.462,7.9,17.307,2.0872127418229747,4.455382371707217,40.63400576368876,2.9085,72.9,-0.01448369737360089
2013-01-31 23:59:59.999999999,1.551852007332477,1.684061762098299,0.14,1.9147619047619049,1.6495238095238096,8.0,13.505238095238097,1.461458564792073,4.361715578882719,22.821576763485485,2.8195238095238095,73.8,0.06102953915978171
2013-02-28 23:59:59.999999999,1.551852007332477,2.0181404902574807,0.15,1.9842105263157896,1.7168421052631575,7.7,14.072631578947368,1.6248704492398014,4.284366954704177,36.64772727272727,2.8626315789473686,77.6,0.08273415382531901
2013-03-31 23:59:59.999999999,1.551852007332477,1.5187472411246183,0.14,1.9575,1.7015,7.5,13.0315,2.5746446025254555,3.181372524117476,45.32374100719425,2.897,78.6,0.10519568538093971
2013-04-30 23:59:59.999999999,1.700868485709428,1.138808047576867,0.15,1.7590909090909093,1.526818181818182,7.6,13.967272727272729,1.7413702686861932,3.1009531388287437,10.889774236387773,2.8318181818181816,76.4,0.05950895486440699
2013-05-31 23:59:59.999999999,1.700868485709428,1.3903888279197083,0.11,1.9281818181818184,1.6777272727272723,7.5,13.493636363636364,1.6199549556482395,3.909539675401663,31.35593220338983,2.7977272727272724,84.5,0.07412728407455949
2013-06-30 23:59:59.999999999,1.700868485709428,1.7157935271568725,0.09,2.3,1.9665,7.5,17.2715,1.7904773238350158,5.161110695770321,10.832232496697491,2.8899999999999997,84.1,0.0282363533486798
2013-07-31 23:59:59.999999999,1.5199382041070075,1.885471805415806,0.09,2.5822727272727275,2.2413636363636367,7.3,13.974545454545456,1.256560262267148,5.281688333684054,18.918918918918926,2.7404545454545453,85.1,0.06509763851359751
2013-08-31 23:59:59.999999999,1.5199382041070075,1.538809488600279,0.08,2.7372727272727273,2.380909090909091,7.2,14.21,2.278423495015081,3.844379556123334,21.618037135278524,2.6872727272727275,82.1,-0.004541564381443153
2013-09-30 23:59:59.999999999,1.5199382041070075,1.0947341081747997,0.08,2.8095,2.4055,7.2,14.692000000000002,2.879295465929932,3.108773112117502,0.3541912632821775,2.6559999999999997,77.5,0.04123327481875694
2013-10-31 23:59:59.999999999,2.237022493295515,0.8767991434911471,0.09,2.6159090909090907,2.2804545454545457,7.2,15.407826086956522,2.432659941290538,3.498166010052972,1.0928961748633892,2.6922727272727274,73.2,0.02741464371044855
2013-11-30 23:59:59.999999999,2.237022493295515,1.2328701961954458,0.08,2.718421052631579,2.4147368421052633,6.9,12.924,2.2978620833350227,3.2155973860918508,32.052821128451384,2.665263157894737,75.1,0.10584400876410682
2013-12-31 23:59:59.999999999,2.237022493295515,1.5128383667573295,0.09,2.901904761904762,2.5619047619047617,6.7,14.192380952380953,2.2259248546671495,3.4204037467619797,2.6639344262294973,2.4823809523809524,82.5,0.09047786746404873
2014-01-31 23:59:59.999999999,3.0091449601746367,1.557758795574915,0.07,2.858095238095238,2.4642857142857144,6.6,14.24095238095238,1.850090044574104,1.7622158374419603,0.0,2.334761904761905,81.2,0.010933929136625276
2014-02-28 23:59:59.999999999,3.0091449601746367,1.1204746347724948,0.07,2.709473684210526,2.382631578947368,6.7,15.47,2.132631275888719,1.8620544683929816,-1.8711018711018657,2.3899999999999997,81.6,0.03145192132679231
2014-03-31 23:59:59.999999999,3.0091449601746367,1.6126949139408042,0.08,2.723333333333333,2.3242857142857143,6.7,14.836666666666666,2.722444899896015,3.6942762965169296,-3.960396039603964,2.340952380952381,80.0,0.016802400888473512
2014-04-30 23:59:59.999999999,1.6508175559380112,2.015125303606169,0.09,2.705238095238095,2.288095238095238,6.2,14.19809523809524,2.91355254713499,5.272975105818212,24.910179640718553,2.199047619047619,84.1,0.061858867670190776
2014-05-31 23:59:59.999999999,1.6508175559380112,2.166947687079812,0.09,2.559047619047619,2.17,6.3,12.475238095238096,3.231981970611364,4.813648177792196,8.279569892473116,2.203809523809524,81.9,0.03448331323829246
2014-06-30 23:59:59.999999999,1.6508175559380112,2.0589816945944195,0.1,2.5985714285714288,2.146190476190476,6.1,11.541428571428572,3.3816055092565023,4.751900490536154,8.58164481525625,2.2,82.5,0.04694126934898324
2014-07-31 23:59:59.999999999,2.6891521587272926,1.9742378703305976,0.09,2.5422727272727275,2.0359090909090907,6.2,12.296363636363637,3.940092235792791,4.341308608031813,23.29545454545454,2.1922727272727274,81.8,0.024945844779638904
2014-08-31 23:59:59.999999999,2.6891521587272926,1.7150983482969062,0.09,2.42,1.9476190476190476,6.1,13.49190476190476,3.158618429847504,5.293745774254255,7.306434023991271,2.2704761904761903,82.5,0.04072792075058995
2014-09-30 23:59:59.999999999,2.6891521587272926,1.6840509711232077,0.09,2.5342857142857143,1.9676190476190476,5.9,13.466666666666669,2.920086781775822,4.912887397450039,20.35294117647059,2.268095238095238,84.6,-0.0005219159865582634
2014-10-31 23:59:59.999999999,3.059782928201682,1.6095417021513292,0.09,2.304090909090909,1.8586363636363636,5.7,18.058695652173913,3.0603471142710337,4.98396933390699,16.108108108108098,2.3836363636363633,86.9,0.04077383534310752
2014-11-30 23:59:59.999999999,3.059782928201682,1.231524989320798,0.09,2.3255555555555554,1.7983333333333331,5.8,13.41315789473684,3.4341671475725644,4.981566362307643,-8.999999999999996,2.4594444444444448,88.8,0.03204104265962493
2014-12-31 23:59:59.999999999,3.059782928201682,0.6531213919623191,0.12,2.2072727272727275,1.5718181818181818,5.6,16.292272727272728,3.2290234522884376,3.687935739563941,7.085828343313372,2.5304545454545457,93.6,0.0579293923336488
2015-01-31 23:59:59.999999999,2.6858351011456394,-0.2299309782054281,0.11,1.8815,1.33,5.7,19.1195,2.802683070990164,4.0448438992032765,22.184684684684687,2.573,98.1,0.006401624927443228
2015-02-28 23:59:59.999999999,2.6858351011456394,-0.0870314629352053,0.11,1.9752631578947368,1.356315789473684,5.5,15.90421052631579,1.3791960264861292,2.4915054134991843,-6.144067796610164,2.531578947368421,95.4,0.018127443806837507
2015-03-31 23:59:59.999999999,2.6858351011456394,-0.0220312844238734,0.11,2.0427272727272725,1.4022727272727271,5.4,14.812727272727273,0.0426562876252534,2.9477957410440903,-1.0309278350515427,2.496363636363637,93.0,-0.01084879962863372
2015-04-30 23:59:59.999999999,3.9692994988184793,-0.1040309893939106,0.12,1.935,1.395,5.4,13.494761904761903,-0.5910006452100713,2.0970705869635786,14.093959731543617,2.549090909090909,95.9,0.03179221262368581
2015-05-31 23:59:59.999999999,3.9692994988184793,0.0350332182442958,0.12,2.1975,1.5885,5.6,13.3385,-1.4394674449721867,2.724203700619121,7.1499503475670245,2.691,90.7,0.0013731967584342808
2015-06-30 23:59:59.999999999,3.9692994988184793,0.1795718097550525,0.13,2.363636363636364,1.675,5.3,14.339545454545457,-2.0653672251392585,2.4914288388855788,32.2722283205269,2.7618181818181817,96.1,-0.002311431171168832
2015-07-31 23:59:59.999999999,3.2790878609270546,0.2256861110409458,0.13,2.3245454545454547,1.656818181818182,5.2,14.352727272727272,-1.6597046171326846,3.238420945666576,5.622119815668203,2.877272727272727,93.1,-0.0021106921198820183
2015-08-31 23:59:59.999999999,3.2790878609270546,0.2413037985344868,0.14,2.1671428571428573,1.4695238095238097,5.1,19.42809523809524,-1.6716975763941488,2.4271000674580767,14.837398373983746,3.020952380952381,91.9,-0.06514032877510068
2015-09-30 23:59:59.999999999,3.2790878609270546,0.00884296163417,0.14,2.172857142857143,1.4595238095238094,5.0,24.377142857142857,-2.2427257369948217,2.2497088489012995,19.648093841642233,3.1680952380952383,87.2,-0.07576219469199608
2015-10-31 23:59:59.999999999,2.4473213664345517,0.127616560670507,0.12,2.07,1.4252380952380952,5.0,16.789545454545454,-2.724135620151691,1.5721122566872747,-1.4897579143389184,3.2714285714285714,90.0,-0.008903515325175637
2015-11-30 23:59:59.999999999,2.4473213664345517,0.4363182169185187,0.12,2.263157894736842,1.378421052631579,5.1,16.21,-4.016687613057424,1.660074853444704,17.082917082917092,3.194736842105263,91.3,0.05487828466512856
2015-12-31 23:59:59.999999999,2.4473213664345517,0.6387247515364791,0.24,2.2427272727272727,1.26,5.0,18.025454545454547,-4.505134869338534,2.7990514054544224,6.803355079217144,3.2122727272727274,92.6,0.06243827305611016
2016-01-31 23:59:59.999999999,2.119861312664817,1.2375025026943876,0.34,2.0852631578947367,1.1857894736842105,4.8,23.717894736842105,-3.2621120453574792,2.629096140193554,0.6451612903225712,3.3626315789473686,92.0,-0.07181098878612824
2016-02-29 23:59:59.999999999,2.119861312664817,0.8472775790126619,0.38,1.7795,1.046,4.9,22.517,-3.1461787449357126,3.74556037076319,38.261851015801355,3.559,91.7,-0.07498797336890128
2016-03-31 23:59:59.999999999,2.119861312664817,0.8916160965521946,0.36,1.8890909090909092,1.014090909090909,5.0,15.84909090909091,-3.559790110515204,1.8930143642178932,15.72916666666666,3.244545454545454,91.0,-0.008959042815057439
2016-04-30 23:59:59.999999999,1.7950168913805964,1.1726257503534845,0.37,1.805238095238095,1.0371428571428571,5.1,14.300476190476193,-2.7147309719388835,2.251939144244708,-2.268907563025213,2.98,89.0,0.06445597411825488
2016-05-31 23:59:59.999999999,1.7950168913805964,1.0784764621246223,0.37,1.806190476190476,0.99,4.8,14.85285714285714,-2.4934626739772203,1.7414043141150914,6.394810009267848,2.8704761904761904,94.7,0.05994893575430771
2016-06-30 23:59:59.999999999,1.7950168913805964,1.0792865347959424,0.38,1.6440909090909093,0.9127272727272728,4.9,17.774545454545457,-1.7194113407685507,2.805336670084091,-0.1659751037344392,2.880909090909091,93.5,0.012582173581557887
2016-07-31 23:59:59.999999999,1.493250832714721,0.8683633430518256,0.39,1.504,0.8314999999999999,4.8,13.1585,-2.21991842855771,1.7755723601739604,8.115183246073299,2.7145,90.0,0.052437924886302056
2016-08-31 23:59:59.999999999,1.493250832714721,1.0553158595656864,0.4,1.556521739130435,0.8191304347826087,4.9,12.399565217391304,-2.154058057899355,1.8325264966085664,3.6283185840708,2.6839130434782605,89.8,0.0312027688273826
2016-09-30 23:59:59.999999999,1.493250832714721,1.5486446201652182,0.4,1.6304761904761906,0.8595238095238096,5.0,14.21952380952381,-1.965359275784284,2.9984063364608016,-12.745098039215684,2.680952380952381,91.2,0.031061161642470525
2016-10-31 23:59:59.999999999,1.8057615310855144,1.685924966243646,0.4,1.7645,0.9215,4.9,14.585238095238095,-1.4303643405357502,3.4543519044069493,24.102079395085063,2.612,87.2,-0.014316039430935068
2016-11-30 23:59:59.999999999,1.8057615310855144,1.6843334719788938,0.41,2.1420000000000003,1.1625,4.7,15.236190476190476,-1.0984888863858957,3.0862837636809193,-2.7303754266211566,2.566,93.8,0.012833141273863147
2016-12-31 23:59:59.999999999,1.8057615310855144,2.0507989115119862,0.54,2.491904761904762,1.2952380952380953,4.7,12.472380952380954,0.094494937193712,3.8801399528213265,9.24956369982548,2.335238095238095,98.2,0.03254209944248743
2017-01-31 23:59:59.999999999,2.1815663030564147,2.5103933482571117,0.65,2.4325,1.226,4.7,11.6085,-0.6268158098776011,5.676434581969936,8.974358974358964,2.228,98.5,0.07169840782339376
2017-02-28 23:59:59.999999999,2.1815663030564147,2.8103616813294208,0.66,2.4189473684210525,1.2178947368421054,4.6,11.530526315789476,-0.4929076293528678,4.776842233541023,3.755102040816327,2.2221052631578946,96.3,0.0679015014755322
2017-03-31 23:59:59.999999999,2.1815663030564147,2.44119623655914,0.79,2.4817391304347827,1.168695652173913,4.4,11.89782608695652,0.9022701920774924,4.937807792584015,7.110711071107101,2.2,96.9,0.050443239307545795
2017-04-30 23:59:59.999999999,2.0874616941966906,2.176223471915395,0.9,2.2973684210526315,1.0563157894736843,4.4,13.136315789473684,1.588281587164575,4.7319776524240575,-1.4617368873602763,2.272105263157895,97.0,0.03900745288087615
2017-05-31 23:59:59.999999999,2.0874616941966906,1.8563431667619756,0.91,2.3036363636363637,1.0018181818181815,4.4,10.862272727272726,1.9063680284647333,3.8752833958113575,0.7839721254355503,2.245909090909091,97.1,0.006611165523995988
2017-06-30 23:59:59.999999999,2.0874616941966906,1.640565809959127,1.04,2.186818181818182,0.8445454545454546,4.3,10.513636363636364,1.6261274264039338,3.3078134404769033,3.8237738985868575,2.183181818181818,95.0,0.025686472438030572
2017-07-31 23:59:59.999999999,2.3304137937582903,1.7251073506566073,1.15,2.318,0.9455,4.3,10.2645,1.255802001513473,3.401594970085964,-2.66343825665859,2.0715,93.4,0.03432103939647946
2017-08-31 23:59:59.999999999,2.3304137937582903,1.92812155729698,1.16,2.2091304347826086,0.8739130434782609,4.4,11.975652173913044,0.9009273596934264,3.5724286914429637,-1.0247651579846306,2.100869565217391,96.8,0.013357481774309843
2017-09-30 23:59:59.999999999,2.3304137937582903,2.1805652303711787,1.15,2.202,0.8175000000000001,4.3,10.438,1.107899026103043,5.003354993643172,10.580524344569287,2.1015,95.1,0.039593052266169604
2017-10-31 23:59:59.999999999,2.410821412174591,2.020757753132485,1.15,2.3600000000000003,0.8104761904761905,4.2,10.125454545454543,2.2948896769468874,4.904736618287653,-4.265041888804266,1.9557142857142855,100.7,0.0394297391035805
2017-11-30 23:59:59.999999999,2.410821412174591,2.172493864295566,1.16,2.3533333333333335,0.6566666666666666,4.2,10.54047619047619,2.953907852310711,5.961109691292199,11.66666666666667,1.9155,98.5,0.07117924573962675
2017-12-31 23:59:59.999999999,2.410821412174591,2.129930719552253,1.3,2.4025,0.5585,4.1,10.2645,2.4701990900701354,5.286465420581088,-5.990415335463261,1.821,95.9,0.06122586427624599
2018-01-31 23:59:59.999999999,2.9941434967617697,2.151318868063945,1.41,2.583809523809524,0.5519047619047619,4.0,11.062380952380952,2.7013898587068264,3.660973445991922,9.159663865546207,1.6723809523809523,95.7,0.09755015793800759
2018-02-28 23:59:59.999999999,2.9941434967617697,2.263468931091861,1.42,2.8589473684210525,0.6836842105263158,4.1,22.464736842105264,3.3486868571939388,4.253215704181068,0.472069236821393,1.65,99.7,0.04321107688334269
2018-03-31 23:59:59.999999999,2.9941434967617697,2.3309497646499366,1.51,2.842380952380952,0.5666666666666667,4.0,19.02380952380953,3.1752906636297817,4.407406928143476,10.75630252100841,1.7976190476190477,101.4,-0.015563142814186914
2018-04-30 23:59:59.999999999,3.328810094759116,2.4709963021052994,1.69,2.869047619047619,0.4847619047619047,4.0,18.267619047619046,3.3121221571825954,4.057376696842296,11.343804537521818,1.8000000000000005,98.8,-0.07200904786671591
2018-05-31 23:59:59.999999999,3.328810094759116,2.781921607842497,1.7,2.977727272727273,0.4659090909090909,3.8,14.124545454545457,2.2501198465963546,6.311344688538623,17.286084701815028,1.8477272727272729,98.0,0.010307505578179388
2018-06-30 23:59:59.999999999,3.328810094759116,2.8075506935940187,1.82,2.9123809523809525,0.379047619047619,4.0,13.67809523809524,2.878898113357975,5.3959108206308,-4.563650920736584,1.9223809523809523,98.2,0.05286467247512627
2018-07-31 23:59:59.999999999,3.2989628465220244,2.854124785561929,1.91,2.889047619047619,0.2823809523809523,3.8,13.147619047619049,3.266774240282144,6.031748762064892,0.1658374792703254,1.9023809523809525,97.9,0.06082943621522818
2018-08-31 23:59:59.999999999,3.2989628465220244,2.6429238568742575,1.91,2.889130434782609,0.2534782608695652,3.8,12.54695652173913,4.442535201937514,5.884940560490959,11.13028472821398,1.8769565217391304,96.2,0.05630040582410012
2018-09-30 23:59:59.999999999,3.2989628465220244,2.332055105808828,1.95,3.004210526315789,0.2363157894736842,3.7,12.910526315789474,4.366595086427627,3.31767999932735,5.842506350550392,1.8794736842105264,100.1,0.071958510007325
2018-10-31 23:59:59.999999999,3.130030640718684,2.492032470218053,2.19,3.152272727272727,0.2913636363636364,3.8,19.35217391304348,2.91159558487879,4.265637766300423,-2.863961813842486,1.913181818181818,98.6,-0.04084577134619993
2018-11-30 23:59:59.999999999,3.130030640718684,2.147328577667773,2.2,3.117,0.258,3.8,19.38904761904762,2.729204053756429,3.722847952693531,-7.227022780832682,2.107,97.5,-0.048715878816884994
2018-12-31 23:59:59.999999999,3.130030640718684,2.0023809043401064,2.27,2.8326315789473684,0.1563157894736842,3.9,24.953157894736844,2.5205173859534913,1.1429197702166771,-6.966864910790149,2.3010526315789472,98.3,-0.1397160878047653
2019-01-31 23:59:59.999999999,2.125110751484538,1.4875893578291333,2.4,2.713809523809524,0.1704761904761904,4.0,19.57238095238095,1.847165892169489,1.874893542771927,-5.61970746728252,2.4061904761904764,91.2,0.023795588322290673
2019-02-28 23:59:59.999999999,2.125110751484538,1.5188615351321877,2.4,2.6763157894736844,0.1721052631578947,3.8,15.234736842105262,1.0745891898214843,1.594939167119458,-12.21613155833986,2.271052631578947,93.8,0.04153436237466379
2019-03-31 23:59:59.999999999,2.125110751484538,1.8831863513063984,2.41,2.570952380952381,0.1614285714285714,3.8,14.485238095238095,0.628019370943389,3.1360641176592097,-9.635811836115328,2.264761904761905,98.4,0.13884829955088396
2019-04-30 23:59:59.999999999,1.9335587266003704,2.000583470209061,2.42,2.532380952380952,0.1876190476190476,3.7,12.94904761904762,-1.045231439957961,3.1372249325627877,-0.313479623824453,2.170952380952381,97.2,0.1158447265625
2019-05-31 23:59:59.999999999,1.9335587266003704,1.7959105553606136,2.39,2.395,0.1886363636363636,3.6,16.721818181818183,0.0357488205819267,2.5979754451581405,-4.716285924834196,2.2331818181818184,100.0,-0.0184149759393879
2019-06-30 23:59:59.999999999,1.9335587266003704,1.671194894390049,2.38,2.074,0.26,3.6,15.836000000000002,-0.6617544485088889,3.0644924402522866,4.278523489932895,2.3865,98.2,0.037877544143682496
2019-07-31 23:59:59.999999999,2.242125694698238,1.826331335037068,2.4,2.059090909090909,0.2240909090909091,3.7,13.305909090909092,-1.306550847023058,3.2341597349242246,2.6490066225165476,2.22,98.4,0.019375900894468945
2019-08-31 23:59:59.999999999,2.242125694698238,1.7376412106666406,2.13,1.6263636363636365,0.055,3.6,18.97909090909091,-1.2272904183704303,3.8739879824499113,6.754658385093171,2.247272727272727,89.8,0.0663193036870311
2019-09-30 23:59:59.999999999,2.242125694698238,1.6844977040391562,2.04,1.6995,0.0515,3.5,15.559,-1.5789049006856737,3.616428657170712,4.8799999999999955,2.215,93.2,0.0041864137199001394
2019-10-31 23:59:59.999999999,2.797216868642849,1.7339736996186297,1.83,1.7068181818181818,0.1554545454545454,3.6,15.466521739130435,-2.2533501010779333,2.866950299748594,8.517608517608522,2.2181818181818183,95.5,0.03598506437766802
2019-11-30 23:59:59.999999999,2.797216868642849,2.092290394862917,1.55,1.8121052631578949,0.1994736842105263,3.6,12.5235,-1.791321436056792,3.0792576585534137,14.56392887383573,2.128947368421053,96.8,0.07330358945438231
2019-12-31 23:59:59.999999999,2.797216868642849,2.3195274699624457,1.55,1.8628571428571428,0.2495238095238095,3.6,13.756666666666666,-2.0212388666068892,5.469697186539713,41.36986301369863,2.0157142857142856,99.3,0.09881133553163002
2020-01-31 23:59:59.999999999,3.3517765241980912,2.599767976845202,1.55,1.757619047619048,0.2385714285714285,3.6,13.94095238095238,-1.9568536316827312,5.032012070793579,28.95595432300162,2.0142857142857142,99.8,0.05866868810383696
2020-02-29 23:59:59.999999999,3.3517765241980912,2.3413166797595197,1.58,1.5042105263157897,0.1731578947368421,3.5,19.628947368421052,-1.1216133025885755,4.794906365213292,38.18019625334523,2.106842105263158,101.0,-0.05932140144609932
2020-03-31 23:59:59.999999999,3.3517765241980912,1.4940399642909163,0.65,0.87,0.4218181818181818,4.4,57.73681818181819,-5.085859926621106,-6.202382573724396,6.297229219143574,3.4181818181818184,89.1,-0.19765371743960547
2020-04-30 23:59:59.999999999,1.3585350290757248,0.3130472940411133,0.05,0.6576190476190477,0.4328571428571428,14.8,41.453809523809525,-17.202282478186216,-19.68887117672622,-26.415094339622648,3.4695238095238095,71.8,-0.11305372371229438
2020-05-31 23:59:59.999999999,1.3585350290757248,0.1982013035848551,0.05,0.674,0.5035000000000001,13.2,30.897,-16.019512271328352,-5.209008184395558,-19.64423820572312,3.28,72.3,0.03049538923439843
2020-06-30 23:59:59.999999999,1.3585350290757248,0.7166562831830481,0.08,0.7286363636363636,0.5436363636363637,11.0,31.119545454545456,-10.598532315869036,2.5308213145545544,1.850362027353181,2.9131818181818185,78.1,0.19952871969448593
2020-07-31 23:59:59.999999999,-7.39861495878491,0.9968647625897996,0.09,0.6236363636363637,0.4754545454545455,10.2,26.840454545454545,-6.8643222878721595,3.381124396227797,23.064516129032263,2.6895454545454545,72.5,0.1555829323129032
2020-08-31 23:59:59.999999999,-7.39861495878491,1.2810698495523851,0.1,0.65,0.5104761904761905,8.4,22.88952380952381,-6.666575859056212,3.5457243137889893,1.5272727272727329,2.624285714285714,74.1,0.1361617948878675
2020-09-30 23:59:59.999999999,-7.39861495878491,1.3910228912373812,0.09,0.6795238095238095,0.5447619047619048,7.8,27.64761904761905,-6.410983397439585,6.28728288060445,12.35697940503433,2.684761904761905,80.4,0.07931674852457138
2020-10-31 23:59:59.999999999,-1.3646720997737227,1.2303863428671624,0.09,0.7871428571428571,0.6376190476190476,6.9,29.438636363636363,-4.983078676770248,5.574485751437397,16.452830188679247,2.6523809523809527,81.8,-0.0074819616527141974
2020-11-30 23:59:59.999999999,-1.3646720997737227,1.1757452138405844,0.09,0.8700000000000001,0.7042105263157895,6.7,24.9955,-5.087156654860426,3.836138580165893,14.042867701404283,2.4257894736842105,76.9,0.034659736477028025
2020-12-31 23:59:59.999999999,-1.3646720997737227,1.3204191315779434,0.09,0.9336363636363636,0.7977272727272727,6.7,22.37409090909091,-3.666983513190325,4.396878259082793,4.263565891472876,2.2304545454545455,80.7,0.11100035911953099
2021-01-31 23:59:59.999999999,-0.9222152417236896,1.3553199782346148,0.09,1.0810526315789473,0.95,6.4,24.91,-2.490398392692905,8.563264022488015,3.099304237824163,2.1626315789473685,79.0,0.13549553411858173
2021-02-28 23:59:59.999999999,-0.9222152417236896,1.667502410800381,0.08,1.2578947368421052,1.1426315789473684,6.2,23.140526315789476,-6.063234839945797,5.736324297052375,-9.36087798579729,2.1631578947368424,76.8,0.048341175956250204
2021-03-31 23:59:59.999999999,-0.9222152417236896,2.623645747764214,0.07,1.6108695652173912,1.463913043478261,6.1,21.84304347826087,0.6012950023564168,28.88107378652387,33.96524486571879,2.1317391304347826,84.9,0.06596383482305335
2021-04-30 23:59:59.999999999,1.8007541764505586,4.137373453318349,0.07,1.635,1.471818181818182,6.1,17.416190476190476,16.11987076234158,51.849995511535354,59.72222222222223,1.9723809523809528,88.3,0.12571345224549169
2021-05-31 23:59:59.999999999,1.8007541764505586,4.9264665639830785,0.06,1.621,1.466,5.8,19.7605,15.31889018588364,26.50919951760793,52.93551491819058,1.999,82.9,0.07747404791246071
2021-06-30 23:59:59.999999999,1.8007541764505586,5.317418943207719,0.08,1.5190909090909093,1.3163636363636364,5.9,16.956818181818182,8.697947629929814,18.128399847115475,30.33175355450237,1.9259090909090908,85.5,0.08170629345361147
2021-07-31 23:59:59.999999999,12.385669309432568,5.269167647240969,0.1,1.3185714285714287,1.099047619047619,5.4,17.603333333333335,5.3293713823777455,14.347791390527153,4.652686762778502,1.926190476190476,81.2,0.05120333489197049
2021-08-31 23:59:59.999999999,12.385669309432568,5.181323173271246,0.09,1.2831818181818182,1.0659090909090911,5.1,17.472727272727273,4.2862771996906135,14.093285726398296,14.18338108882522,1.9563636363636363,70.3,0.07475073187881964
2021-09-30 23:59:59.999999999,12.385669309432568,5.363523425270289,0.08,1.3747619047619049,1.1338095238095238,4.7,19.824761904761903,3.237099468774063,12.63047245345481,7.060420909708087,1.8552380952380951,72.8,-0.0028703876701844377
2021-10-31 23:59:59.999999999,5.1508109950936465,6.226591220771449,0.08,1.5825,1.19,4.5,17.871428571428574,3.966408911211139,14.73881219927511,2.333117303953336,1.7705000000000002,71.7,0.04974054258120075
2021-11-30 23:59:59.999999999,5.1508109950936465,6.865559520296194,0.08,1.5595,1.0515,4.2,18.50047619047619,4.451130394242986,17.0305333360802,10.499027867790025,1.7235,67.4,0.009799460164369167
2021-12-31 23:59:59.999999999,5.1508109950936465,7.159457345112474,0.08,1.465,0.785,3.9,21.354545454545455,3.0456020585740484,15.11285902092292,6.691449814126393,1.833809523809524,70.6,0.09390323087478092
2022-01-31 23:59:59.999999999,5.756179192135091,7.578082463000535,0.08,1.764,0.7835,4.0,23.181,2.4299311328917605,12.92473579743576,4.417177914110426,1.821,67.2,-0.01950546543624998
2022-02-28 23:59:59.999999999,5.756179192135091,7.949220898953979,0.08,1.9342105263157896,0.4989473684210526,3.8,25.748421052631578,6.636777122562476,17.10617352828363,23.575498575498564,2.033684210526316,62.8,-0.048030124396080565
2022-03-31 23:59:59.999999999,5.756179192135091,8.540780148538584,0.2,2.1278260869565218,0.2182608695652173,3.7,26.968695652173913,4.562753518838947,7.860751083947304,0.9433962264151052,2.166086956521739,59.4,-0.05196356045092798
2022-04-30 23:59:59.999999999,4.034582077886428,8.235161744022502,0.33,2.7475,0.2095,3.7,24.3735,4.64824669969095,8.413182453391933,21.739130434782616,1.9115,65.2,-0.06767375142801202
2022-05-31 23:59:59.999999999,4.034582077886428,8.530051713089225,0.77,2.8980952380952383,0.2814285714285714,3.6,29.313636363636363,3.810188261127756,9.014806321681457,-3.650094398993075,2.218571428571429,58.4,-0.04043180689448722
2022-06-30 23:59:59.999999999,4.034582077886428,8.999298141923106,1.21,3.1433333333333335,0.1452380952380952,3.6,28.23318181818182,3.185302709629756,8.850886510335808,-6.000000000000005,2.124285714285714,50.0,-0.17752941972781566
2022-07-31 23:59:59.999999999,2.4537929303342976,8.447778206754553,1.68,2.896,-0.1399999999999999,3.5,24.995238095238093,2.9817082189097732,9.593115515181516,-13.525360050093926,2.3175,51.5,-0.03666704628279882
2022-08-31 23:59:59.999999999,2.4537929303342976,8.216255059541266,2.33,2.8978260869565218,-0.3521739130434782,3.6,22.169565217391305,3.1278113417271936,9.583788166788596,-3.95232120451694,2.254782608695652,58.2,-0.03565515251891249
2022-09-30 23:59:59.999999999,2.4537929303342976,8.205751582451759,2.56,3.519047619047619,-0.3376190476190476,3.5,27.34181818181818,4.5831376173664395,8.559206522862329,-5.643627140139507,2.1747619047619047,58.6,-0.06266386325934903
2022-10-31 23:59:59.999999999,2.3489732641040373,7.757261470809462,3.08,3.9835,-0.3915,3.6,30.005714285714287,3.0790938495847575,8.098963258984782,-9.119696010132994,2.277,59.9,-0.05358097865829026
2022-11-30 23:59:59.999999999,2.3489732641040373,7.131380368978291,3.78,3.891,-0.6125,3.6,23.29909090909091,1.814386323868056,5.534555766442506,-16.480938416422287,2.1745,56.7,0.031633402635113717
2022-12-31 23:59:59.999999999,2.3489732641040373,6.410831677385809,4.1,3.616190476190476,-0.6723809523809524,3.5,21.784285714285716,0.6243403811263093,5.133577873916417,-24.041811846689896,1.9776190476190476,59.8,0.07080501406034023
2023-01-31 23:59:59.999999999,1.3170742821654535,6.340296309929161,4.33,3.5315,-0.6759999999999999,3.5,20.16904761904762,1.5146036243782968,7.718654841023653,-20.035252643948297,1.9705,64.9,0.044998035514935975
2023-02-28 23:59:59.999999999,1.3170742821654535,5.957648712766894,4.57,3.7468421052631578,-0.7868421052631579,3.6,20.1205,0.937201141333266,5.336302560252992,-19.36599423631123,1.8473684210526315,66.9,-0.013901774714771498
2023-03-31 23:59:59.999999999,1.3170742821654535,4.931348641757127,4.65,3.6630434782608696,-0.6395652173913043,3.5,21.644347826086957,0.1374263196238345,2.1572069975592356,-19.567757009345797,2.051304347826087,62.0,0.0675529001054187
2023-04-30 23:59:59.999999999,2.311146228623828,4.946947488062325,4.83,3.46,-0.5559999999999999,3.4,17.817894736842106,0.3126263333022461,1.5601474718037522,-25.6043956043956,2.0694736842105264,63.7,0.02430130509096906
2023-05-31 23:59:59.999999999,2.311146228623828,4.125314539356473,5.06,3.5736363636363637,-0.5581818181818181,3.6,17.63608695652174,0.0145679297709255,2.1300392363684306,3.4617896799477466,2.192727272727273,59.0,0.05781261575223273
2023-06-30 23:59:59.999999999,2.311146228623828,3.0592533347792994,5.08,3.7480952380952384,-0.8914285714285713,3.6,14.003181818181815,-0.4293811465206021,1.6519719627150264,-8.381689232753065,2.0061904761904765,64.2,0.0986340569665265
2023-07-31 23:59:59.999999999,2.792610476283919,3.28032820234625,5.12,3.8995,-0.929,3.5,13.932380952380951,0.021057636789723,2.861648093397018,5.720492396813892,1.842,71.5,0.10060726575825663
2023-08-31 23:59:59.999999999,2.792610476283919,3.718635867760755,5.33,4.167826086956522,-0.7339130434782608,3.7,15.85391304347826,-0.0728891938862164,3.1932015805511416,-13.977792292619206,1.8495652173913044,69.4,0.06790778896864413
2023-09-30 23:59:59.999999999,2.792610476283919,3.6950823322234423,5.33,4.379,-0.643,3.8,15.173333333333332,-0.2168399132254084,4.16239835371548,-7.86290322580645,1.777,67.8,-0.03647555543559855
2023-10-31 23:59:59.999999999,3.2331922827038895,3.2465375076767167,5.33,4.798095238095239,-0.2695238095238095,3.9,18.887727272727272,-0.8372629881617244,2.613691935196827,-4.668989547038327,1.8314285714285712,63.8,-0.07080937440599655
2023-11-30 23:59:59.999999999,3.2331922827038895,3.139855644977696,5.33,4.502857142857143,-0.3795238095238095,3.7,14.01909090909091,-0.2124031819742522,3.922918517934426,6.32022471910112,1.789047619047619,61.3,0.013341655393899865
2023-12-31 23:59:59.999999999,3.2331922827038895,3.322200208829762,5.33,4.0200000000000005,-0.437,3.8,12.7185,0.7898721944953557,5.295483174098559,16.284403669724767,1.622,69.7,0.11235416923349151
2024-01-31 23:59:59.999999999,3.390893713155063,3.1079425939238847,5.33,4.058095238095238,-0.2647619047619048,3.7,13.388636363636364,-1.230783006123748,0.0298418382572274,1.4695077149154967,1.619047619047619,79.0,0.16291323041602257
2024-02-29 23:59:59.999999999,3.390893713155063,3.16642120765831,5.33,4.2075000000000005,-0.3365,3.9,13.980476190476187,-0.0715951218041133,1.9531296492460104,10.936383130807714,1.5585,76.9,0.11885684759951176
2024-03-31 23:59:59.999999999,3.390893713155063,3.4690014354717524,5.33,4.2085,-0.3795,3.9,13.7875,-0.2876059069604086,3.393622635778737,-4.720406681190992,1.5450000000000002,79.4,0.09887317828140141
2024-04-30 23:59:59.999999999,2.8632943527041155,3.3540471111874304,5.33,4.539090909090909,-0.334090909090909,3.9,16.137727272727275,-0.8402107647342061,2.551551542593966,2.2895125553914264,1.463181818181818,77.2,0.022481298715024245
2024-05-31 23:59:59.999999999,2.8632943527041155,3.238866396761142,5.33,4.482272727272727,-0.3740909090909091,4.0,13.058695652173911,-0.0011652646267568,2.8004071808660713,-16.919191919191924,1.468181818181818,69.1,0.02733648013352674
2024-06-30 23:59:59.999999999,2.8632943527041155,2.9700853998204435,5.33,4.3052631578947365,-0.431578947368421,4.1,12.667,0.8522097383398597,2.2643058732833454,-6.6150598170302555,1.5142105263157897,68.2,0.039230328961986416
2024-07-31 23:59:59.999999999,3.1266315239534936,2.9384633061405374,5.33,4.248636363636364,-0.2472727272727272,4.2,14.373913043478264,-0.536517121008373,3.008590497977659,-13.35616438356164,1.588181818181818,66.4,0.0966322130518944
2024-08-31 23:59:59.999999999,3.1266315239534936,2.6109140322338353,5.33,3.87090909090909,-0.0945454545454545,4.2,19.312272727272727,-0.0732333544465335,1.8111587356061551,5.618830675778286,1.7336363636363636,67.9,0.07027748942020695
2024-09-30 23:59:59.999999999,3.1266315239534936,2.432541464144644,5.13,3.7235,0.101,4.1,17.663333333333334,-0.6898781412106092,1.9837453564895968,-1.0211524434719177,1.6945,70.1,0.05249048781305676
2024-10-31 23:59:59.999999999,2.7913896372876,2.5714034967967203,4.83,4.095454545454545,0.1231818181818181,4.1,19.960869565217394,-0.3551440317182686,3.128333828853247,-1.1695906432748535,1.5386363636363638,70.5,0.06712542883379591
2024-11-30 23:59:59.999999999,2.7913896372876,2.7141684004842848,4.64,4.35578947368421,0.0984210526315789,4.2,16.015238095238097,-0.91022366328819,3.913016832815819,-14.464993394980183,1.421578947368421,71.8,0.06798031072648048
2024-12-31 23:59:59.999999999,2.7913896372876,2.872366268806581,4.48,4.3914285714285715,0.1657142857142857,4.1,15.866190476190477,0.4031924108626183,4.573226262864694,-0.460223537146609,1.4095238095238094,74.0,0.030283316455003373
2025-01-31 23:59:59.999999999,2.3997884845648576,2.999412512831112,4.33,4.629047619047618,0.3571428571428571,4.0,16.763636363636365,1.3770779342352937,4.556503286031721,-1.6654598117306296,1.4476190476190476,71.7,0.035592784756508955
2025-02-28 23:59:59.999999999,2.3997884845648576,2.814270373156869,4.33,4.451052631578947,0.2410526315789473,4.1,16.968,1.113439835992014,3.863676161568996,-3.994845360824739,1.471578947368421,64.7,-0.005489909015836902
2025-03-31 23:59:59.999999999,2.3997884845648576,2.4055852640280317,4.33,4.2804761904761905,0.3104761904761904,4.2,21.841428571428573,0.9970873578062812,5.079830900135396,3.2774390243902385,1.6504761904761902,57.0,-0.0705148506459855
2025-04-30 23:59:59.999999999,2.0192730138857806,2.3337465177498906,4.33,4.279047619047619,0.5014285714285714,4.2,31.966190476190473,1.236459131195966,4.971916893784489,0.9386281588447564,1.9047619047619049,52.2,-0.07786485466677584
2025-05-31 23:59:59.999999999,2.0192730138857806,2.3759340869898393,4.33,4.423809523809524,0.5038095238095238,4.2,20.46227272727273,0.6577024403838783,3.367187567662766,-2.583586626139822,1.862380952380952,52.2,-0.0071895303709379466
2025-06-30 23:59:59.999999999,2.0192730138857806,2.6726833178446263,4.33,4.3835,0.4945,4.1,18.403333333333336,0.9279113327018697,4.4167873735105445,4.144687264506408,1.7645,60.7,0.11181096024283965
2025-07-31 23:59:59.999999999,2.080466508761192,2.7318012794754543,4.33,4.391818181818182,0.5095454545454546,4.2,16.381304347826084,1.2682502399550488,4.089520416121117,12.964426877470348,1.7068181818181818,61.7,0.13832317662588056
2025-08-31 23:59:59.999999999,2.080466508761192,2.939219624933554,4.33,4.2647619047619045,0.5609523809523809,4.3,15.75,0.8742996478340093,4.999304317391928,-6.03882099209202,1.731428571428571,58.2,0.09279407913065518
2025-09-30 23:59:59.999999999,2.080466508761192,3.022699626172387,4.22,4.12047619047619,0.5519047619047619,4.3,15.789090909090907,0.8742996478340093,4.999304317391928,-6.03882099209202,1.7128571428571429,55.1,0.07913027146756102
2025-10-31 23:59:59.999999999,2.080466508761192,3.022699626172387,4.09,4.0618181818181816,0.5404545454545455,4.3,18.086521739130436,0.8742996478340093,4.999304317391928,-6.03882099209202,1.6731818181818183,55.1,0.08061059956800976
2025-11-30 23:59:59.999999999,2.080466508761192,3.022699626172387,4.09,4.1175,0.5344444444444445,4.3,18.35,0.8742996478340093,4.999304317391928,-6.03882099209202,1.73125,55.1,0.06018799432709532
